;              
CREATE USER IF NOT EXISTS "SA" SALT 'ba9dfde05dfdcaef' HASH '3f3dbe86f753f4e78581f8086251552cb24474e898d888b3bd63fd77c0355183' ADMIN;          
CREATE CACHED TABLE "PUBLIC"."ARMOR_PIECE"(
    "ID" VARCHAR NOT NULL,
    "ARMOR_TYPE" INTEGER NOT NULL,
    "LEVEL1SLOTS" INTEGER CHECK (("LEVEL1SLOTS" <= 3)
    AND ("LEVEL1SLOTS" >= 0)),
    "LEVEL2SLOTS" INTEGER CHECK (("LEVEL2SLOTS" >= 0)
    AND ("LEVEL2SLOTS" <= 3)),
    "LEVEL3SLOTS" INTEGER CHECK (("LEVEL3SLOTS" <= 3)
    AND ("LEVEL3SLOTS" >= 0)),
    "LEVEL4SLOTS" INTEGER CHECK (("LEVEL4SLOTS" >= 0)
    AND ("LEVEL4SLOTS" <= 3)),
    "NAME" VARCHAR NOT NULL,
    "SET_NAME" VARCHAR NOT NULL,
    "SET_TYPE" VARCHAR NOT NULL,
    "SET_BONUS_ID" VARCHAR
);     
ALTER TABLE "PUBLIC"."ARMOR_PIECE" ADD CONSTRAINT "PUBLIC"."CONSTRAINT_4" PRIMARY KEY("ID");   
-- 632 +/- SELECT COUNT(*) FROM PUBLIC.ARMOR_PIECE;            
INSERT INTO "PUBLIC"."ARMOR_PIECE" VALUES
('diablos-head-alpha-plus', 0, 0, 1, 0, 0, STRINGDECODE('Diablos Helm \u03b1 +'), 'Diablos', '4', 'diablos-ambition'),
('ko-charm-i', 5, NULL, NULL, NULL, NULL, 'KO Charm I', 'KO', '7', NULL),
('kestodon-arms-lr', 2, 0, 0, 0, 0, 'Kestodon Guards', 'Kestodon', '0', NULL),
('kestodon-arms-alpha', 2, 0, 0, 0, 0, STRINGDECODE('Kestodon Guards \u03b1'), 'Kestodon', '1', NULL),
('lavasioth-arms-alpha', 2, 0, 1, 0, 0, STRINGDECODE('Lavasioth Vambraces \u03b1'), 'Lavasioth', '1', NULL),
('commission-legs-alpha', 4, 0, 0, 0, 0, STRINGDECODE('Commission Pants \u03b1'), 'Commission', '1', NULL),
('kestodon-arms-beta', 2, 1, 0, 0, 0, STRINGDECODE('Kestodon Guards \u03b2'), 'Kestodon', '2', NULL),
('lavasioth-arms-beta', 2, 0, 1, 0, 0, STRINGDECODE('Lavasioth Vambraces \u03b2'), 'Lavasioth', '2', NULL),
('azure-starlord-head-alpha', 0, 0, 0, 1, 0, STRINGDECODE('Azure Starlord Crown \u03b1'), 'Azure Starlord', '1', 'rathalos-mastery'),
('kulve-taroth-head-alpha', 0, 1, 0, 0, 0, STRINGDECODE('Kulve Taroth''s Fury \u03b1'), 'Kulve Taroth', '1', NULL),
('kulve-taroth-body-alpha', 1, 1, 0, 0, 0, STRINGDECODE('Kulve Taroth''s Ire \u03b1'), 'Kulve Taroth', '1', NULL),
('kulve-taroth-arms-alpha', 2, 1, 0, 0, 0, STRINGDECODE('Kulve Taroth''s Rage \u03b1'), 'Kulve Taroth', '1', NULL),
('kulve-taroth-waist-alpha', 3, 1, 0, 0, 0, STRINGDECODE('Kulve Taroth''s Malice \u03b1'), 'Kulve Taroth', '1', NULL),
('kulve-taroth-legs-alpha', 4, 1, 0, 0, 0, STRINGDECODE('Kulve Taroth''s Wrath \u03b1'), 'Kulve Taroth', '1', NULL),
('azure-starlord-body-alpha', 1, 0, 1, 0, 0, STRINGDECODE('Azure Starlord Armor \u03b1'), 'Azure Starlord', '1', 'rathalos-mastery'),
('azure-starlord-arms-alpha', 2, 0, 0, 1, 0, STRINGDECODE('Azure Starlord Gauntlets \u03b1'), 'Azure Starlord', '1', 'rathalos-mastery'),
('azure-starlord-legs-alpha', 4, 0, 0, 1, 0, STRINGDECODE('Azure Starlord Guards \u03b1'), 'Azure Starlord', '1', 'rathalos-mastery'),
('azure-starlord-waist-alpha', 3, 0, 1, 0, 0, STRINGDECODE('Azure Starlord Tassets \u03b1'), 'Azure Starlord', '1', 'rathalos-mastery'),
('bone-head-alpha-plus', 0, 0, 0, 1, 0, STRINGDECODE('Bone Helm \u03b1 +'), 'Bone', '4', NULL),
('bone-body-alpha-plus', 1, 0, 1, 0, 0, STRINGDECODE('Bone Mail \u03b1 +'), 'Bone', '4', NULL),
('bone-arms-alpha-plus', 2, 0, 1, 0, 0, STRINGDECODE('Bone Vambraces \u03b1 +'), 'Bone', '4', NULL),
('bone-waist-alpha-plus', 3, 0, 0, 1, 0, STRINGDECODE('Bone Coil \u03b1 +'), 'Bone', '4', NULL),
('bone-legs-alpha-plus', 4, 0, 0, 1, 0, STRINGDECODE('Bone Greaves \u03b1 +'), 'Bone', '4', NULL),
('bone-head-beta-plus', 0, 0, 0, 0, 1, STRINGDECODE('Bone Helm \u03b2 +'), 'Bone', '5', NULL),
('bone-body-beta-plus', 1, 1, 0, 0, 1, STRINGDECODE('Bone Mail \u03b2 +'), 'Bone', '5', NULL),
('bone-waist-beta-plus', 3, 1, 0, 0, 1, STRINGDECODE('Bone Coil \u03b2 +'), 'Bone', '5', NULL),
('bone-legs-beta-plus', 4, 0, 0, 0, 1, STRINGDECODE('Bone Greaves \u03b2 +'), 'Bone', '5', NULL),
('alloy-head-alpha-plus', 0, 0, 1, 0, 0, STRINGDECODE('Alloy Helm \u03b1 +'), 'Alloy', '4', NULL),
('bone-arms-beta-plus', 2, 1, 0, 0, 1, STRINGDECODE('Bone Vambraces \u03b2 +'), 'Bone', '5', NULL),
('alloy-body-alpha-plus', 1, 0, 0, 1, 0, STRINGDECODE('Alloy Mail \u03b1 +'), 'Alloy', '4', NULL),
('alloy-arms-alpha-plus', 2, 0, 0, 1, 0, STRINGDECODE('Alloy Vambraces \u03b1 +'), 'Alloy', '4', NULL),
('alloy-waist-alpha-plus', 3, 0, 0, 1, 0, STRINGDECODE('Alloy Coil \u03b1 +'), 'Alloy', '4', NULL),
('alloy-legs-alpha-plus', 4, 0, 0, 1, 0, STRINGDECODE('Alloy Greaves \u03b1 +'), 'Alloy', '4', NULL),
('alloy-head-beta-plus', 0, 1, 0, 0, 1, STRINGDECODE('Alloy Helm \u03b2 +'), 'Alloy', '5', NULL),
('alloy-body-beta-plus', 1, 1, 0, 0, 1, STRINGDECODE('Alloy Mail \u03b2 +'), 'Alloy', '5', NULL),
('alloy-arms-beta-plus', 2, 1, 0, 0, 1, STRINGDECODE('Alloy Vambraces \u03b2 +'), 'Alloy', '5', NULL),
('alloy-waist-beta-plus', 3, 0, 0, 0, 1, STRINGDECODE('Alloy Coil \u03b2 +'), 'Alloy', '5', NULL),
('alloy-legs-beta-plus', 4, 0, 0, 0, 1, STRINGDECODE('Alloy Greaves \u03b2 +'), 'Alloy', '5', NULL),
('vespoid-head-alpha-plus', 0, 0, 0, 1, 0, STRINGDECODE('Vespoid Helm \u03b1 +'), 'Vespoid', '4', NULL);      
INSERT INTO "PUBLIC"."ARMOR_PIECE" VALUES
('vespoid-body-alpha-plus', 1, 1, 1, 0, 0, STRINGDECODE('Vespoid Mail \u03b1 +'), 'Vespoid', '4', NULL),
('vespoid-arms-alpha-plus', 2, 0, 0, 1, 0, STRINGDECODE('Vespoid Vambraces \u03b1 +'), 'Vespoid', '4', NULL),
('vespoid-waist-alpha-plus', 3, 0, 0, 1, 0, STRINGDECODE('Vespoid Coil \u03b1 +'), 'Vespoid', '4', NULL),
('vespoid-legs-alpha-plus', 4, 0, 0, 1, 0, STRINGDECODE('Vespoid Greaves \u03b1 +'), 'Vespoid', '4', NULL),
('vespoid-head-beta-plus', 0, 1, 0, 0, 1, STRINGDECODE('Vespoid Helm \u03b2 +'), 'Vespoid', '5', NULL),
('vespoid-body-beta-plus', 1, 1, 0, 0, 1, STRINGDECODE('Vespoid Mail \u03b2 +'), 'Vespoid', '5', NULL),
('vespoid-arms-beta-plus', 2, 1, 0, 0, 1, STRINGDECODE('Vespoid Vambraces \u03b2 +'), 'Vespoid', '5', NULL),
('vespoid-waist-beta-plus', 3, 1, 0, 0, 1, STRINGDECODE('Vespoid Coil \u03b2 +'), 'Vespoid', '5', NULL),
('vespoid-legs-beta-plus', 4, 1, 0, 0, 1, STRINGDECODE('Vespoid Greaves \u03b2 +'), 'Vespoid', '5', NULL),
('hornetaur-head-alpha-plus', 0, 0, 1, 0, 0, STRINGDECODE('Hornetaur Helm \u03b1 +'), 'Hornetaur', '4', NULL),
('hornetaur-body-alpha-plus', 1, 1, 1, 0, 0, STRINGDECODE('Hornetaur Mail \u03b1 +'), 'Hornetaur', '4', NULL),
('hornetaur-arms-alpha-plus', 2, 0, 0, 1, 0, STRINGDECODE('Hornetaur Vambraces \u03b1 +'), 'Hornetaur', '4', NULL),
('hornetaur-waist-alpha-plus', 3, 0, 1, 0, 0, STRINGDECODE('Hornetaur Coil \u03b1 +'), 'Hornetaur', '4', NULL),
('hornetaur-legs-alpha-plus', 4, 1, 1, 0, 0, STRINGDECODE('Hornetaur Greaves \u03b1 +'), 'Hornetaur', '4', NULL),
('hornetaur-head-beta-plus', 0, 0, 0, 0, 1, STRINGDECODE('Hornetaur Helm \u03b2 +'), 'Hornetaur', '5', NULL),
('hornetaur-body-beta-plus', 1, 1, 1, 0, 1, STRINGDECODE('Hornetaur Mail \u03b2 +'), 'Hornetaur', '5', NULL),
('hornetaur-arms-beta-plus', 2, 0, 1, 0, 1, STRINGDECODE('Hornetaur Vambraces \u03b2 +'), 'Hornetaur', '5', NULL),
('hornetaur-waist-beta-plus', 3, 1, 0, 0, 1, STRINGDECODE('Hornetaur Coil \u03b2 +'), 'Hornetaur', '5', NULL),
('hornetaur-legs-beta-plus', 4, 1, 0, 0, 1, STRINGDECODE('Hornetaur Greaves \u03b2 +'), 'Hornetaur', '5', NULL),
('jagras-head-alpha-plus', 0, 0, 1, 0, 0, STRINGDECODE('Jagras Helm \u03b1 +'), 'Jagras', '4', NULL),
('jagras-body-alpha-plus', 1, 0, 0, 1, 0, STRINGDECODE('Jagras Mail \u03b1 +'), 'Jagras', '4', NULL),
('jagras-arms-alpha-plus', 2, 0, 1, 0, 0, STRINGDECODE('Jagras Vambraces \u03b1 +'), 'Jagras', '4', NULL),
('jagras-waist-alpha-plus', 3, 1, 1, 0, 0, STRINGDECODE('Jagras Coil \u03b1 +'), 'Jagras', '4', NULL),
('jagras-legs-alpha-plus', 4, 1, 1, 0, 0, STRINGDECODE('Jagras Greaves \u03b1 +'), 'Jagras', '4', NULL),
('jagras-head-beta-plus', 0, 1, 0, 0, 1, STRINGDECODE('Jagras Helm \u03b2 +'), 'Jagras', '5', NULL),
('jagras-body-beta-plus', 1, 0, 0, 0, 1, STRINGDECODE('Jagras Mail \u03b2 +'), 'Jagras', '5', NULL),
('jagras-arms-beta-plus', 2, 0, 0, 0, 1, STRINGDECODE('Jagras Vambraces \u03b2 +'), 'Jagras', '5', NULL),
('jagras-waist-beta-plus', 3, 1, 0, 0, 1, STRINGDECODE('Jagras Coil \u03b2 +'), 'Jagras', '5', NULL),
('jagras-legs-beta-plus', 4, 1, 0, 0, 1, STRINGDECODE('Jagras Greaves \u03b2 +'), 'Jagras', '5', NULL),
('tzitzi-head-alpha-plus', 0, 1, 1, 0, 0, STRINGDECODE('Tzitzi Headgear \u03b1 +'), 'Tzitzi', '4', NULL),
('tzitzi-body-alpha-plus', 1, 2, 0, 0, 0, STRINGDECODE('Tzitzi Mail \u03b1 +'), 'Tzitzi', '4', NULL),
('tzitzi-arms-alpha-plus', 2, 0, 1, 0, 0, STRINGDECODE('Tzitzi Vambraces \u03b1 +'), 'Tzitzi', '4', NULL),
('tzitzi-waist-alpha-plus', 3, 0, 1, 0, 0, STRINGDECODE('Tzitzi Coil \u03b1 +'), 'Tzitzi', '4', NULL),
('tzitzi-legs-alpha-plus', 4, 0, 0, 1, 0, STRINGDECODE('Tzitzi Greaves \u03b1 +'), 'Tzitzi', '4', NULL),
('tzitzi-head-beta-plus', 0, 1, 0, 0, 1, STRINGDECODE('Tzitzi Headgear \u03b2 +'), 'Tzitzi', '5', NULL),
('tzitzi-body-beta-plus', 1, 1, 0, 0, 1, STRINGDECODE('Tzitzi Mail \u03b2 +'), 'Tzitzi', '5', NULL),
('tzitzi-arms-beta-plus', 2, 0, 0, 0, 1, STRINGDECODE('Tzitzi Vambraces \u03b2 +'), 'Tzitzi', '5', NULL),
('tzitzi-waist-beta-plus', 3, 1, 0, 0, 1, STRINGDECODE('Tzitzi Coil \u03b2 +'), 'Tzitzi', '5', NULL),
('tzitzi-legs-beta-plus', 4, 0, 0, 0, 1, STRINGDECODE('Tzitzi Greaves \u03b2 +'), 'Tzitzi', '5', NULL);           
INSERT INTO "PUBLIC"."ARMOR_PIECE" VALUES
('girros-head-alpha-plus', 0, 0, 1, 0, 0, STRINGDECODE('Girros Headgear \u03b1 +'), 'Girros', '4', NULL),
('girros-body-alpha-plus', 1, 0, 1, 0, 0, STRINGDECODE('Girros Mail \u03b1 +'), 'Girros', '4', NULL),
('girros-arms-alpha-plus', 2, 1, 0, 0, 0, STRINGDECODE('Girros Vambraces \u03b1 +'), 'Girros', '4', NULL),
('girros-waist-alpha-plus', 3, 0, 0, 1, 0, STRINGDECODE('Girros Coil \u03b1 +'), 'Girros', '4', NULL),
('girros-legs-alpha-plus', 4, 1, 0, 0, 0, STRINGDECODE('Girros Greaves \u03b1 +'), 'Girros', '4', NULL),
('girros-head-beta-plus', 0, 0, 0, 0, 1, STRINGDECODE('Girros Headgear \u03b2 +'), 'Girros', '5', NULL),
('girros-body-beta-plus', 1, 0, 1, 0, 1, STRINGDECODE('Girros Mail \u03b2 +'), 'Girros', '5', NULL),
('girros-arms-beta-plus', 2, 0, 0, 0, 1, STRINGDECODE('Girros Vambraces \u03b2 +'), 'Girros', '5', NULL),
('girros-waist-beta-plus', 3, 0, 1, 0, 1, STRINGDECODE('Girros Coil \u03b2 +'), 'Girros', '5', NULL),
('girros-legs-beta-plus', 4, 0, 0, 0, 1, STRINGDECODE('Girros Greaves \u03b2 +'), 'Girros', '5', NULL),
('acidic-glavenus-head-alpha-plus', 0, 1, 0, 0, 0, STRINGDECODE('Acidic Glavenus Helm \u03b1 +'), 'Acidic Glavenus', '4', 'glavenus-essence'),
('acidic-glavenus-body-alpha-plus', 1, 1, 0, 0, 0, STRINGDECODE('Acidic Glavenus Mail \u03b1 +'), 'Acidic Glavenus', '4', 'glavenus-essence'),
('acidic-glavenus-arms-alpha-plus', 2, 1, 1, 0, 0, STRINGDECODE('Acidic Glavenus Braces \u03b1 +'), 'Acidic Glavenus', '4', 'glavenus-essence'),
('acidic-glavenus-waist-alpha-plus', 3, 0, 1, 0, 0, STRINGDECODE('Acidic Glavenus Coil \u03b1 +'), 'Acidic Glavenus', '4', 'glavenus-essence'),
('acidic-glavenus-legs-alpha-plus', 4, 1, 1, 0, 0, STRINGDECODE('Acidic Glavenus Greaves \u03b1 +'), 'Acidic Glavenus', '4', 'glavenus-essence'),
('acidic-glavenus-head-beta-plus', 0, 0, 0, 0, 1, STRINGDECODE('Acidic Glavenus Helm \u03b2 +'), 'Acidic Glavenus', '5', 'glavenus-essence'),
('acidic-glavenus-body-beta-plus', 1, 1, 0, 0, 1, STRINGDECODE('Acidic Glavenus Mail \u03b2 +'), 'Acidic Glavenus', '5', 'glavenus-essence'),
('acidic-glavenus-arms-beta-plus', 2, 1, 1, 0, 1, STRINGDECODE('Acidic Glavenus Braces \u03b2 +'), 'Acidic Glavenus', '5', 'glavenus-essence'),
('acidic-glavenus-waist-beta-plus', 3, 0, 0, 0, 1, STRINGDECODE('Acidic Glavenus Coil \u03b2 +'), 'Acidic Glavenus', '5', 'glavenus-essence'),
('acidic-glavenus-legs-beta-plus', 4, 0, 1, 0, 1, STRINGDECODE('Acidic Glavenus Greaves \u03b2 +'), 'Acidic Glavenus', '5', 'glavenus-essence'),
('anjanath-head-alpha-plus', 0, 0, 0, 1, 0, STRINGDECODE('Anja Helm \u03b1 +'), 'Anjanath', '4', 'anjanath-dominance'),
('anjanath-body-alpha-plus', 1, 2, 0, 0, 0, STRINGDECODE('Anja Mail \u03b1 +'), 'Anjanath', '4', 'anjanath-dominance'),
('anjanath-arms-alpha-plus', 2, 0, 1, 0, 0, STRINGDECODE('Anja Vambraces \u03b1 +'), 'Anjanath', '4', 'anjanath-dominance'),
('anjanath-waist-alpha-plus', 3, 1, 0, 1, 0, STRINGDECODE('Anja Coil \u03b1 +'), 'Anjanath', '4', 'anjanath-dominance'),
('anjanath-legs-alpha-plus', 4, 0, 1, 0, 0, STRINGDECODE('Anja Greaves \u03b1 +'), 'Anjanath', '4', 'anjanath-dominance'),
('anjanath-head-beta-plus', 0, 0, 0, 0, 1, STRINGDECODE('Anja Helm \u03b2 +'), 'Anjanath', '5', 'anjanath-dominance'),
('anjanath-body-beta-plus', 1, 1, 0, 0, 1, STRINGDECODE('Anja Mail \u03b2 +'), 'Anjanath', '5', 'anjanath-dominance'),
('anjanath-arms-beta-plus', 2, 0, 0, 0, 1, STRINGDECODE('Anja Vambraces \u03b2 +'), 'Anjanath', '5', 'anjanath-dominance'),
('anjanath-waist-beta-plus', 3, 0, 1, 0, 1, STRINGDECODE('Anja Coil \u03b2 +'), 'Anjanath', '5', 'anjanath-dominance'),
('anjanath-legs-beta-plus', 4, 1, 0, 0, 1, STRINGDECODE('Anja Greaves \u03b2 +'), 'Anjanath', '5', 'anjanath-dominance'),
('artian-head-alpha-plus', 0, 0, 1, 0, 0, STRINGDECODE('Artian Helm \u03b1 +'), 'Artian', '4', 'ancient-divinity'),
('artian-body-alpha-plus', 1, 1, 0, 0, 0, STRINGDECODE('Artian Mail \u03b1 +'), 'Artian', '4', 'ancient-divinity'),
('artian-arms-alpha-plus', 2, 2, 0, 0, 0, STRINGDECODE('Artian Vambraces \u03b1 +'), 'Artian', '4', 'ancient-divinity'),
('artian-waist-alpha-plus', 3, 2, 0, 0, 0, STRINGDECODE('Artian Coil \u03b1 +'), 'Artian', '4', 'ancient-divinity');     
INSERT INTO "PUBLIC"."ARMOR_PIECE" VALUES
('artian-legs-alpha-plus', 4, 2, 0, 0, 0, STRINGDECODE('Artian Greaves \u03b1 +'), 'Artian', '4', 'ancient-divinity'),
('artian-head-beta-plus', 0, 1, 0, 0, 1, STRINGDECODE('Artian Helm \u03b2 +'), 'Artian', '5', 'ancient-divinity'),
('artian-body-beta-plus', 1, 0, 0, 0, 1, STRINGDECODE('Artian Mail \u03b2 +'), 'Artian', '5', 'ancient-divinity'),
('artian-arms-beta-plus', 2, 0, 0, 0, 1, STRINGDECODE('Artian Vambraces \u03b2 +'), 'Artian', '5', 'ancient-divinity'),
('artian-waist-beta-plus', 3, 1, 0, 0, 1, STRINGDECODE('Artian Coil \u03b2 +'), 'Artian', '5', 'ancient-divinity'),
('artian-legs-beta-plus', 4, 0, 0, 0, 1, STRINGDECODE('Artian Greaves \u03b2 +'), 'Artian', '5', 'ancient-divinity'),
('radobaan-head-alpha-plus', 0, 2, 0, 0, 0, STRINGDECODE('Baan Helm \u03b1 +'), 'Radobaan', '4', NULL),
('radobaan-body-alpha-plus', 1, 0, 0, 1, 0, STRINGDECODE('Baan Mail \u03b1 +'), 'Radobaan', '4', NULL),
('radobaan-arms-alpha-plus', 2, 0, 1, 0, 0, STRINGDECODE('Baan Vambraces \u03b1 +'), 'Radobaan', '4', NULL),
('radobaan-waist-alpha-plus', 3, 1, 0, 0, 0, STRINGDECODE('Baan Coil \u03b1 +'), 'Radobaan', '4', NULL),
('radobaan-legs-alpha-plus', 4, 0, 1, 0, 0, STRINGDECODE('Baan Greaves \u03b1 +'), 'Radobaan', '4', NULL),
('radobaan-head-beta-plus', 0, 0, 0, 0, 1, STRINGDECODE('Baan Helm \u03b2 +'), 'Radobaan', '5', NULL),
('radobaan-body-beta-plus', 1, 0, 0, 0, 1, STRINGDECODE('Baan Mail \u03b2 +'), 'Radobaan', '5', NULL),
('radobaan-arms-beta-plus', 2, 0, 0, 0, 1, STRINGDECODE('Baan Vambraces \u03b2 +'), 'Radobaan', '5', NULL),
('radobaan-waist-beta-plus', 3, 0, 0, 0, 1, STRINGDECODE('Baan Coil \u03b2 +'), 'Radobaan', '5', NULL),
('radobaan-legs-beta-plus', 4, 1, 0, 0, 1, STRINGDECODE('Baan Greaves \u03b2 +'), 'Radobaan', '5', NULL),
('banbaro-head-alpha-plus', 0, 0, 1, 0, 0, STRINGDECODE('Banbaro Helm \u03b1 +'), 'Banbaro', '4', NULL),
('banbaro-body-alpha-plus', 1, 0, 0, 1, 0, STRINGDECODE('Banbaro Mail \u03b1 +'), 'Banbaro', '4', NULL),
('banbaro-arms-alpha-plus', 2, 0, 1, 0, 0, STRINGDECODE('Banbaro Vambraces \u03b1 +'), 'Banbaro', '4', NULL),
('banbaro-waist-alpha-plus', 3, 0, 0, 1, 0, STRINGDECODE('Banbaro Coil \u03b1 +'), 'Banbaro', '4', NULL),
('banbaro-legs-alpha-plus', 4, 0, 0, 1, 0, STRINGDECODE('Banbaro Greaves \u03b1 +'), 'Banbaro', '4', NULL),
('banbaro-head-beta-plus', 0, 1, 0, 0, 1, STRINGDECODE('Banbaro Helm \u03b2 +'), 'Banbaro', '5', NULL),
('banbaro-body-beta-plus', 1, 1, 0, 0, 1, STRINGDECODE('Banbaro Mail \u03b2 +'), 'Banbaro', '5', NULL),
('banbaro-arms-beta-plus', 2, 0, 0, 0, 1, STRINGDECODE('Banbaro Vambraces \u03b2 +'), 'Banbaro', '5', NULL),
('banbaro-waist-beta-plus', 3, 1, 0, 0, 1, STRINGDECODE('Banbaro Coil \u03b2 +'), 'Banbaro', '5', NULL),
('banbaro-legs-beta-plus', 4, 1, 0, 0, 1, STRINGDECODE('Banbaro Greaves \u03b2 +'), 'Banbaro', '5', NULL),
('barioth-head-alpha-plus', 0, 2, 0, 0, 0, STRINGDECODE('Barioth Helm \u03b1 +'), 'Barioth', '4', 'barioth-hidden-art'),
('barioth-body-alpha-plus', 1, 0, 0, 1, 0, STRINGDECODE('Barioth Mail \u03b1 +'), 'Barioth', '4', 'barioth-hidden-art'),
('barioth-arms-alpha-plus', 2, 0, 1, 0, 0, STRINGDECODE('Barioth Vambraces \u03b1 +'), 'Barioth', '4', 'barioth-hidden-art'),
('barioth-waist-alpha-plus', 3, 0, 0, 1, 0, STRINGDECODE('Barioth Faulds \u03b1 +'), 'Barioth', '4', 'barioth-hidden-art'),
('barioth-legs-alpha-plus', 4, 2, 0, 0, 0, STRINGDECODE('Barioth Greaves \u03b1 +'), 'Barioth', '4', 'barioth-hidden-art'),
('barioth-head-beta-plus', 0, 1, 0, 0, 1, STRINGDECODE('Barioth Helm \u03b2 +'), 'Barioth', '5', 'barioth-hidden-art'),
('barioth-body-beta-plus', 1, 1, 0, 0, 1, STRINGDECODE('Barioth Mail \u03b2 +'), 'Barioth', '5', 'barioth-hidden-art'),
('barioth-arms-beta-plus', 2, 0, 0, 0, 1, STRINGDECODE('Barioth Vambraces \u03b2 +'), 'Barioth', '5', 'barioth-hidden-art'),
('barioth-waist-beta-plus', 3, 0, 0, 0, 1, STRINGDECODE('Barioth Faulds \u03b2 +'), 'Barioth', '5', 'barioth-hidden-art'),
('barioth-legs-beta-plus', 4, 1, 0, 0, 1, STRINGDECODE('Barioth Greaves \u03b2 +'), 'Barioth', '5', 'barioth-hidden-art'),
('barroth-head-alpha-plus', 0, 0, 1, 0, 0, STRINGDECODE('Barroth Helm \u03b1 +'), 'Barroth', '4', NULL);               
INSERT INTO "PUBLIC"."ARMOR_PIECE" VALUES
('barroth-body-alpha-plus', 1, 2, 0, 0, 0, STRINGDECODE('Barroth Mail \u03b1 +'), 'Barroth', '4', NULL),
('barroth-arms-alpha-plus', 2, 1, 0, 1, 0, STRINGDECODE('Barroth Vambraces \u03b1 +'), 'Barroth', '4', NULL),
('barroth-waist-alpha-plus', 3, 1, 0, 0, 0, STRINGDECODE('Barroth Coil \u03b1 +'), 'Barroth', '4', NULL),
('barroth-legs-alpha-plus', 4, 1, 0, 1, 0, STRINGDECODE('Barroth Greaves \u03b1 +'), 'Barroth', '4', NULL),
('barroth-head-beta-plus', 0, 1, 0, 0, 1, STRINGDECODE('Barroth Helm \u03b2 +'), 'Barroth', '5', NULL),
('barroth-body-beta-plus', 1, 1, 0, 0, 1, STRINGDECODE('Barroth Mail \u03b2 +'), 'Barroth', '5', NULL),
('barroth-arms-beta-plus', 2, 0, 1, 0, 1, STRINGDECODE('Barroth Vambraces \u03b2 +'), 'Barroth', '5', NULL),
('barroth-waist-beta-plus', 3, 0, 0, 0, 1, STRINGDECODE('Barroth Coil \u03b2 +'), 'Barroth', '5', NULL),
('barroth-legs-beta-plus', 4, 1, 1, 0, 1, STRINGDECODE('Barroth Greaves \u03b2 +'), 'Barroth', '5', NULL),
('beotodus-head-alpha-plus', 0, 0, 1, 0, 0, STRINGDECODE('Beo Helm \u03b1 +'), 'Beotodus', '4', NULL),
('beotodus-body-alpha-plus', 1, 0, 0, 1, 0, STRINGDECODE('Beo Mail \u03b1 +'), 'Beotodus', '4', NULL),
('beotodus-arms-alpha-plus', 2, 0, 0, 1, 0, STRINGDECODE('Beo Vambraces \u03b1 +'), 'Beotodus', '4', NULL),
('beotodus-waist-alpha-plus', 3, 0, 1, 0, 0, STRINGDECODE('Beo Coil \u03b1 +'), 'Beotodus', '4', NULL),
('beotodus-legs-alpha-plus', 4, 0, 1, 0, 0, STRINGDECODE('Beo Greaves \u03b1 +'), 'Beotodus', '4', NULL),
('beotodus-head-beta-plus', 0, 1, 0, 0, 1, STRINGDECODE('Beo Helm \u03b2 +'), 'Beotodus', '5', NULL),
('beotodus-body-beta-plus', 1, 0, 1, 0, 1, STRINGDECODE('Beo Mail \u03b2 +'), 'Beotodus', '5', NULL),
('beotodus-arms-beta-plus', 2, 0, 0, 0, 1, STRINGDECODE('Beo Vambraces \u03b2 +'), 'Beotodus', '5', NULL),
('beotodus-waist-beta-plus', 3, 1, 0, 0, 1, STRINGDECODE('Beo Coil \u03b2 +'), 'Beotodus', '5', NULL),
('beotodus-legs-beta-plus', 4, 0, 0, 0, 1, STRINGDECODE('Beo Greaves \u03b2 +'), 'Beotodus', '5', NULL),
('black-belt-head-alpha-plus', 0, 0, 0, 1, 0, STRINGDECODE('Black Belt Helm \u03b1 +'), 'Black Belt', '4', 'instructor-s-guidance'),
('black-belt-body-alpha-plus', 1, 3, 0, 0, 0, STRINGDECODE('Black Belt Mail \u03b1 +'), 'Black Belt', '4', 'instructor-s-guidance'),
('black-belt-arms-alpha-plus', 2, 0, 0, 1, 0, STRINGDECODE('Black Belt Braces \u03b1 +'), 'Black Belt', '4', 'instructor-s-guidance'),
('black-belt-waist-alpha-plus', 3, 0, 0, 1, 0, STRINGDECODE('Black Belt Tassets \u03b1 +'), 'Black Belt', '4', 'instructor-s-guidance'),
('black-belt-legs-alpha-plus', 4, 0, 2, 0, 0, STRINGDECODE('Black Belt Greaves \u03b1 +'), 'Black Belt', '4', 'instructor-s-guidance'),
('black-belt-head-beta-plus', 0, 0, 1, 0, 1, STRINGDECODE('Black Belt Helm \u03b2 +'), 'Black Belt', '5', 'instructor-s-guidance'),
('black-belt-body-beta-plus', 1, 2, 0, 0, 1, STRINGDECODE('Black Belt Mail \u03b2 +'), 'Black Belt', '5', 'instructor-s-guidance'),
('black-belt-arms-beta-plus', 2, 1, 0, 0, 1, STRINGDECODE('Black Belt Braces \u03b2 +'), 'Black Belt', '5', 'instructor-s-guidance'),
('black-belt-waist-beta-plus', 3, 1, 0, 0, 1, STRINGDECODE('Black Belt Tassets \u03b2 +'), 'Black Belt', '5', 'instructor-s-guidance'),
('black-belt-legs-beta-plus', 4, 0, 1, 0, 1, STRINGDECODE('Black Belt Greaves \u03b2 +'), 'Black Belt', '5', 'instructor-s-guidance'),
('blackveil-vaal-hazak-head-alpha-plus', 0, 1, 0, 0, 0, STRINGDECODE('Fellshroud Helm \u03b1 +'), 'Blackveil Vaal Hazak', '4', 'vaal-soulvein'),
('blackveil-vaal-hazak-body-alpha-plus', 1, 1, 0, 1, 0, STRINGDECODE('Fellshroud Mail \u03b1 +'), 'Blackveil Vaal Hazak', '4', 'vaal-soulvein'),
('blackveil-vaal-hazak-arms-alpha-plus', 2, 2, 1, 0, 0, STRINGDECODE('Fellshroud Braces \u03b1 +'), 'Blackveil Vaal Hazak', '4', 'vaal-soulvein'),
('blackveil-vaal-hazak-waist-alpha-plus', 3, 1, 1, 0, 0, STRINGDECODE('Fellshroud Coil \u03b1 +'), 'Blackveil Vaal Hazak', '4', 'vaal-soulvein'),
('blackveil-vaal-hazak-legs-alpha-plus', 4, 0, 1, 1, 0, STRINGDECODE('Fellshroud Greaves \u03b1 +'), 'Blackveil Vaal Hazak', '4', 'vaal-soulvein');           
INSERT INTO "PUBLIC"."ARMOR_PIECE" VALUES
('blackveil-vaal-hazak-head-beta-plus', 0, 1, 0, 0, 1, STRINGDECODE('Fellshroud Helm \u03b2 +'), 'Blackveil Vaal Hazak', '5', 'vaal-soulvein'),
('blackveil-vaal-hazak-body-beta-plus', 1, 0, 1, 0, 1, STRINGDECODE('Fellshroud Mail \u03b2 +'), 'Blackveil Vaal Hazak', '5', 'vaal-soulvein'),
('blackveil-vaal-hazak-arms-beta-plus', 2, 2, 0, 0, 1, STRINGDECODE('Fellshroud Braces \u03b2 +'), 'Blackveil Vaal Hazak', '5', 'vaal-soulvein'),
('blackveil-vaal-hazak-waist-beta-plus', 3, 0, 1, 0, 1, STRINGDECODE('Fellshroud Coil \u03b2 +'), 'Blackveil Vaal Hazak', '5', 'vaal-soulvein'),
('blackveil-vaal-hazak-legs-beta-plus', 4, 0, 0, 1, 1, STRINGDECODE('Fellshroud Greaves \u03b2 +'), 'Blackveil Vaal Hazak', '5', 'vaal-soulvein'),
('brachydios-head-alpha-plus', 0, 0, 0, 1, 0, STRINGDECODE('Brachydios Helm \u03b1 +'), 'Brachydios', '4', 'brachydios-essence'),
('brachydios-body-alpha-plus', 1, 1, 0, 0, 0, STRINGDECODE('Brachydios Mail \u03b1 +'), 'Brachydios', '4', 'brachydios-essence'),
('brachydios-arms-alpha-plus', 2, 0, 1, 0, 0, STRINGDECODE('Brachydios Braces \u03b1 +'), 'Brachydios', '4', 'brachydios-essence'),
('brachydios-waist-alpha-plus', 3, 0, 0, 1, 0, STRINGDECODE('Brachydios Faulds \u03b1 +'), 'Brachydios', '4', 'brachydios-essence'),
('brachydios-legs-alpha-plus', 4, 0, 1, 0, 0, STRINGDECODE('Brachydios Greaves \u03b1 +'), 'Brachydios', '4', 'brachydios-essence'),
('brachydios-head-beta-plus', 0, 1, 0, 0, 1, STRINGDECODE('Brachydios Helm \u03b2 +'), 'Brachydios', '5', 'brachydios-essence'),
('brachydios-body-beta-plus', 1, 0, 0, 0, 1, STRINGDECODE('Brachydios Mail \u03b2 +'), 'Brachydios', '5', 'brachydios-essence'),
('brachydios-arms-beta-plus', 2, 0, 0, 0, 1, STRINGDECODE('Brachydios Braces \u03b2 +'), 'Brachydios', '5', 'brachydios-essence'),
('brachydios-waist-beta-plus', 3, 0, 1, 0, 1, STRINGDECODE('Brachydios Faulds \u03b2 +'), 'Brachydios', '5', 'brachydios-essence'),
('brachydios-legs-beta-plus', 4, 0, 0, 0, 1, STRINGDECODE('Brachydios Greaves \u03b2 +'), 'Brachydios', '5', 'brachydios-essence'),
('clockwork-head-alpha-plus', 0, 2, 0, 0, 0, STRINGDECODE('Clockwork Helm \u03b1 +'), 'Clockwork', '4', 'commission-alchemy'),
('clockwork-body-alpha-plus', 1, 2, 0, 0, 0, STRINGDECODE('Clockwork Mail \u03b1 +'), 'Clockwork', '4', 'commission-alchemy'),
('clockwork-arms-alpha-plus', 2, 0, 1, 0, 0, STRINGDECODE('Clockwork Vambraces \u03b1 +'), 'Clockwork', '4', 'commission-alchemy'),
('clockwork-waist-alpha-plus', 3, 0, 1, 0, 0, STRINGDECODE('Clockwork Coil \u03b1 +'), 'Clockwork', '4', 'commission-alchemy'),
('clockwork-legs-alpha-plus', 4, 2, 0, 0, 0, STRINGDECODE('Clockwork Greaves \u03b1 +'), 'Clockwork', '4', 'commission-alchemy'),
('clockwork-head-beta-plus', 0, 1, 0, 0, 1, STRINGDECODE('Clockwork Helm \u03b2 +'), 'Clockwork', '5', 'commission-alchemy'),
('clockwork-body-beta-plus', 1, 1, 0, 0, 1, STRINGDECODE('Clockwork Mail \u03b2 +'), 'Clockwork', '5', 'commission-alchemy'),
('clockwork-arms-beta-plus', 2, 0, 0, 0, 1, STRINGDECODE('Clockwork Vambraces \u03b2 +'), 'Clockwork', '5', 'commission-alchemy'),
('clockwork-waist-beta-plus', 3, 1, 0, 0, 1, STRINGDECODE('Clockwork Coil \u03b2 +'), 'Clockwork', '5', 'commission-alchemy'),
('clockwork-legs-beta-plus', 4, 0, 0, 0, 1, STRINGDECODE('Clockwork Greaves \u03b2 +'), 'Clockwork', '5', 'commission-alchemy'),
('coral-pukei-pukei-head-alpha-plus', 0, 1, 0, 0, 0, STRINGDECODE('Pukei Lagoon Hat \u03b1 +'), 'Coral Pukei Pukei', '4', NULL),
('coral-pukei-pukei-body-alpha-plus', 1, 0, 1, 0, 0, STRINGDECODE('Pukei Lagoon Mail \u03b1 +'), 'Coral Pukei Pukei', '4', NULL),
('coral-pukei-pukei-arms-alpha-plus', 2, 1, 0, 0, 0, STRINGDECODE('Pukei Lagoon Braces \u03b1 +'), 'Coral Pukei Pukei', '4', NULL),
('coral-pukei-pukei-waist-alpha-plus', 3, 0, 1, 0, 0, STRINGDECODE('Pukei Lagoon Coil \u03b1 +'), 'Coral Pukei Pukei', '4', NULL),
('coral-pukei-pukei-legs-alpha-plus', 4, 1, 0, 0, 0, STRINGDECODE('Pukei Lagoon Greaves \u03b1 +'), 'Coral Pukei Pukei', '4', NULL),
('coral-pukei-pukei-head-beta-plus', 0, 0, 0, 0, 1, STRINGDECODE('Pukei Lagoon Hat \u03b2 +'), 'Coral Pukei Pukei', '5', NULL);               
INSERT INTO "PUBLIC"."ARMOR_PIECE" VALUES
('coral-pukei-pukei-body-beta-plus', 1, 1, 0, 0, 1, STRINGDECODE('Pukei Lagoon Mail \u03b2 +'), 'Coral Pukei Pukei', '5', NULL),
('coral-pukei-pukei-arms-beta-plus', 2, 1, 0, 0, 1, STRINGDECODE('Pukei Lagoon Braces \u03b2 +'), 'Coral Pukei Pukei', '5', NULL),
('coral-pukei-pukei-waist-beta-plus', 3, 0, 0, 0, 1, STRINGDECODE('Pukei Lagoon Coil \u03b2 +'), 'Coral Pukei Pukei', '5', NULL),
('coral-pukei-pukei-legs-beta-plus', 4, 1, 0, 0, 1, STRINGDECODE('Pukei Lagoon Greaves \u03b2 +'), 'Coral Pukei Pukei', '5', NULL),
('damascus-head-alpha-plus', 0, 0, 0, 1, 0, STRINGDECODE('Damascus Helm \u03b1 +'), 'Damascus', '4', NULL),
('damascus-body-alpha-plus', 1, 1, 0, 1, 0, STRINGDECODE('Damascus Mail \u03b1 +'), 'Damascus', '4', NULL),
('damascus-arms-alpha-plus', 2, 1, 1, 0, 0, STRINGDECODE('Damascus Vambraces \u03b1 +'), 'Damascus', '4', NULL),
('damascus-waist-alpha-plus', 3, 0, 1, 1, 0, STRINGDECODE('Damascus Coil \u03b1 +'), 'Damascus', '4', NULL),
('damascus-legs-alpha-plus', 4, 1, 1, 0, 0, STRINGDECODE('Damascus Greaves \u03b1 +'), 'Damascus', '4', NULL),
('damascus-head-beta-plus', 0, 2, 0, 0, 1, STRINGDECODE('Damascus Helm \u03b2 +'), 'Damascus', '5', NULL),
('damascus-body-beta-plus', 1, 1, 1, 0, 1, STRINGDECODE('Damascus Mail \u03b2 +'), 'Damascus', '5', NULL),
('damascus-arms-beta-plus', 2, 1, 0, 0, 1, STRINGDECODE('Damascus Vambraces \u03b2 +'), 'Damascus', '5', NULL),
('damascus-waist-beta-plus', 3, 1, 0, 1, 1, STRINGDECODE('Damascus Coil \u03b2 +'), 'Damascus', '5', NULL),
('damascus-legs-beta-plus', 4, 0, 1, 0, 1, STRINGDECODE('Damascus Greaves \u03b2 +'), 'Damascus', '5', NULL),
('ebony-odogaron-head-alpha-plus', 0, 0, 0, 1, 0, STRINGDECODE('Death Garon Helm \u03b1 +'), 'Ebony Odogaron', '4', 'odogaron-essence'),
('ebony-odogaron-body-alpha-plus', 1, 0, 1, 0, 0, STRINGDECODE('Death Garon Mail \u03b1 +'), 'Ebony Odogaron', '4', 'odogaron-essence'),
('ebony-odogaron-arms-alpha-plus', 2, 1, 1, 0, 0, STRINGDECODE('Death Garon Braces \u03b1 +'), 'Ebony Odogaron', '4', 'odogaron-essence'),
('ebony-odogaron-waist-alpha-plus', 3, 1, 1, 0, 0, STRINGDECODE('Death Garon Coil \u03b1 +'), 'Ebony Odogaron', '4', 'odogaron-essence'),
('ebony-odogaron-legs-alpha-plus', 4, 2, 0, 0, 0, STRINGDECODE('Death Garon Greaves \u03b1 +'), 'Ebony Odogaron', '4', 'odogaron-essence'),
('ebony-odogaron-head-beta-plus', 0, 0, 1, 0, 1, STRINGDECODE('Death Garon Helm \u03b2 +'), 'Ebony Odogaron', '5', 'odogaron-essence'),
('ebony-odogaron-body-beta-plus', 1, 1, 0, 0, 1, STRINGDECODE('Death Garon Mail \u03b2 +'), 'Ebony Odogaron', '5', 'odogaron-essence'),
('ebony-odogaron-arms-beta-plus', 2, 1, 0, 0, 1, STRINGDECODE('Death Garon Braces \u03b2 +'), 'Ebony Odogaron', '5', 'odogaron-essence'),
('ebony-odogaron-waist-beta-plus', 3, 0, 1, 0, 1, STRINGDECODE('Death Garon Coil \u03b2 +'), 'Ebony Odogaron', '5', 'odogaron-essence'),
('ebony-odogaron-legs-beta-plus', 4, 2, 0, 0, 1, STRINGDECODE('Death Garon Greaves \u03b2 +'), 'Ebony Odogaron', '5', 'odogaron-essence'),
('diablos-body-alpha-plus', 1, 0, 1, 0, 0, STRINGDECODE('Diablos Mail \u03b1 +'), 'Diablos', '4', 'diablos-ambition'),
('diablos-arms-alpha-plus', 2, 0, 1, 0, 0, STRINGDECODE('Diablos Vambraces \u03b1 +'), 'Diablos', '4', 'diablos-ambition'),
('diablos-waist-alpha-plus', 3, 0, 1, 0, 0, STRINGDECODE('Diablos Coil \u03b1 +'), 'Diablos', '4', 'diablos-ambition'),
('diablos-legs-alpha-plus', 4, 2, 0, 0, 0, STRINGDECODE('Diablos Greaves \u03b1 +'), 'Diablos', '4', 'diablos-ambition'),
('diablos-head-beta-plus', 0, 0, 0, 0, 1, STRINGDECODE('Diablos Helm \u03b2 +'), 'Diablos', '5', 'diablos-ambition'),
('diablos-body-beta-plus', 1, 1, 0, 0, 1, STRINGDECODE('Diablos Mail \u03b2 +'), 'Diablos', '5', 'diablos-ambition'),
('diablos-arms-beta-plus', 2, 1, 0, 0, 1, STRINGDECODE('Diablos Vambraces \u03b2 +'), 'Diablos', '5', 'diablos-ambition'),
('diablos-waist-beta-plus', 3, 1, 0, 0, 1, STRINGDECODE('Diablos Coil \u03b2 +'), 'Diablos', '5', 'diablos-ambition'),
('diablos-legs-beta-plus', 4, 1, 0, 0, 1, STRINGDECODE('Diablos Greaves \u03b2 +'), 'Diablos', '5', 'diablos-ambition');          
INSERT INTO "PUBLIC"."ARMOR_PIECE" VALUES
('black-diablos-head-alpha-plus', 0, 2, 0, 0, 0, STRINGDECODE('Diablos Nero Helm \u03b1 +'), 'Black Diablos', '4', 'diablos-ambition'),
('black-diablos-body-alpha-plus', 1, 0, 1, 0, 0, STRINGDECODE('Diablos Nero Mail \u03b1 +'), 'Black Diablos', '4', 'diablos-ambition'),
('black-diablos-arms-alpha-plus', 2, 2, 0, 0, 0, STRINGDECODE('Diablos Nero Braces \u03b1 +'), 'Black Diablos', '4', 'diablos-ambition'),
('black-diablos-waist-alpha-plus', 3, 0, 1, 0, 0, STRINGDECODE('Diablos Nero Coil \u03b1 +'), 'Black Diablos', '4', 'diablos-ambition'),
('black-diablos-legs-alpha-plus', 4, 1, 0, 0, 0, STRINGDECODE('Diablos Nero Greaves \u03b1 +'), 'Black Diablos', '4', 'diablos-ambition'),
('black-diablos-head-beta-plus', 0, 1, 0, 0, 1, STRINGDECODE('Diablos Nero Helm \u03b2 +'), 'Black Diablos', '5', 'diablos-ambition'),
('black-diablos-body-beta-plus', 1, 1, 0, 0, 1, STRINGDECODE('Diablos Nero Mail \u03b2 +'), 'Black Diablos', '5', 'diablos-ambition'),
('black-diablos-arms-beta-plus', 2, 0, 1, 0, 1, STRINGDECODE('Diablos Nero Braces \u03b2 +'), 'Black Diablos', '5', 'diablos-ambition'),
('black-diablos-waist-beta-plus', 3, 1, 0, 0, 1, STRINGDECODE('Diablos Nero Coil \u03b2 +'), 'Black Diablos', '5', 'diablos-ambition'),
('black-diablos-legs-beta-plus', 4, 0, 0, 0, 1, STRINGDECODE('Diablos Nero Greaves \u03b2 +'), 'Black Diablos', '5', 'diablos-ambition'),
('dober-head-alpha-plus', 0, 1, 0, 0, 0, STRINGDECODE('Dober Helm \u03b1 +'), 'Dober', '4', NULL),
('dober-body-alpha-plus', 1, 3, 0, 0, 0, STRINGDECODE('Dober Mail \u03b1 +'), 'Dober', '4', NULL),
('dober-arms-alpha-plus', 2, 1, 1, 0, 0, STRINGDECODE('Dober Vambraces \u03b1 +'), 'Dober', '4', NULL),
('dober-waist-alpha-plus', 3, 1, 1, 0, 0, STRINGDECODE('Dober Coil \u03b1 +'), 'Dober', '4', NULL),
('dober-legs-alpha-plus', 4, 0, 1, 0, 0, STRINGDECODE('Dober Greaves \u03b1 +'), 'Dober', '4', NULL),
('dober-head-beta-plus', 0, 0, 0, 0, 1, STRINGDECODE('Dober Helm \u03b2 +'), 'Dober', '5', NULL),
('dober-body-beta-plus', 1, 2, 0, 0, 1, STRINGDECODE('Dober Mail \u03b2 +'), 'Dober', '5', NULL),
('dober-arms-beta-plus', 2, 1, 0, 0, 1, STRINGDECODE('Dober Vambraces \u03b2 +'), 'Dober', '5', NULL),
('dober-waist-beta-plus', 3, 0, 1, 0, 1, STRINGDECODE('Dober Coil \u03b2 +'), 'Dober', '5', NULL),
('dober-legs-beta-plus', 4, 0, 1, 0, 1, STRINGDECODE('Dober Greaves \u03b2 +'), 'Dober', '5', NULL),
('dodogama-head-alpha-plus', 0, 0, 0, 1, 0, STRINGDECODE('Dodogama Helm \u03b1 +'), 'Dodogama', '4', NULL),
('dodogama-body-alpha-plus', 1, 0, 1, 0, 0, STRINGDECODE('Dodogama Mail \u03b1 +'), 'Dodogama', '4', NULL),
('dodogama-arms-alpha-plus', 2, 0, 1, 0, 0, STRINGDECODE('Dodogama Vambraces \u03b1 +'), 'Dodogama', '4', NULL),
('dodogama-waist-alpha-plus', 3, 1, 1, 0, 0, STRINGDECODE('Dodogama Coil \u03b1 +'), 'Dodogama', '4', NULL),
('dodogama-legs-alpha-plus', 4, 1, 1, 0, 0, STRINGDECODE('Dodogama Greaves \u03b1 +'), 'Dodogama', '4', NULL),
('dodogama-head-beta-plus', 0, 0, 0, 0, 1, STRINGDECODE('Dodogama Helm \u03b2 +'), 'Dodogama', '5', NULL),
('dodogama-body-beta-plus', 1, 0, 0, 0, 1, STRINGDECODE('Dodogama Mail \u03b2 +'), 'Dodogama', '5', NULL),
('dodogama-arms-beta-plus', 2, 0, 0, 0, 1, STRINGDECODE('Dodogama Vambraces \u03b2 +'), 'Dodogama', '5', NULL),
('dodogama-waist-beta-plus', 3, 1, 0, 0, 1, STRINGDECODE('Dodogama Coil \u03b2 +'), 'Dodogama', '5', NULL),
('dodogama-legs-beta-plus', 4, 1, 0, 0, 1, STRINGDECODE('Dodogama Greaves \u03b2 +'), 'Dodogama', '5', NULL),
('fulgur-anjanath-head-alpha-plus', 0, 1, 1, 0, 0, STRINGDECODE('Fulgur Anja Helm \u03b1 +'), 'Fulgur Anjanath', '4', 'anjanath-dominance'),
('fulgur-anjanath-body-alpha-plus', 1, 0, 0, 1, 0, STRINGDECODE('Fulgur Anja Mail \u03b1 +'), 'Fulgur Anjanath', '4', 'anjanath-dominance'),
('fulgur-anjanath-arms-alpha-plus', 2, 0, 1, 0, 0, STRINGDECODE('Fulgur Anja Vambraces \u03b1 +'), 'Fulgur Anjanath', '4', 'anjanath-dominance'),
('fulgur-anjanath-waist-alpha-plus', 3, 1, 0, 0, 0, STRINGDECODE('Fulgur Anja Coil \u03b1 +'), 'Fulgur Anjanath', '4', 'anjanath-dominance'),
('fulgur-anjanath-legs-alpha-plus', 4, 1, 1, 0, 0, STRINGDECODE('Fulgur Anja Greaves \u03b1 +'), 'Fulgur Anjanath', '4', 'anjanath-dominance');     
INSERT INTO "PUBLIC"."ARMOR_PIECE" VALUES
('fulgur-anjanath-head-beta-plus', 0, 0, 1, 0, 1, STRINGDECODE('Fulgur Anja Helm \u03b2 +'), 'Fulgur Anjanath', '5', 'anjanath-dominance'),
('fulgur-anjanath-body-beta-plus', 1, 0, 0, 0, 1, STRINGDECODE('Fulgur Anja Mail \u03b2 +'), 'Fulgur Anjanath', '5', 'anjanath-dominance'),
('fulgur-anjanath-arms-beta-plus', 2, 0, 1, 0, 1, STRINGDECODE('Fulgur Anja Vambraces \u03b2 +'), 'Fulgur Anjanath', '5', 'anjanath-dominance'),
('fulgur-anjanath-waist-beta-plus', 3, 1, 0, 0, 1, STRINGDECODE('Fulgur Anja Coil \u03b2 +'), 'Fulgur Anjanath', '5', 'anjanath-dominance'),
('fulgur-anjanath-legs-beta-plus', 4, 1, 0, 0, 1, STRINGDECODE('Fulgur Anja Greaves \u03b2 +'), 'Fulgur Anjanath', '5', 'anjanath-dominance'),
('glavenus-head-alpha-plus', 0, 1, 0, 0, 0, STRINGDECODE('Glavenus Helm \u03b1 +'), 'Glavenus', '4', 'glavenus-essence'),
('glavenus-body-alpha-plus', 1, 1, 0, 0, 0, STRINGDECODE('Glavenus Mail \u03b1 +'), 'Glavenus', '4', 'glavenus-essence'),
('glavenus-arms-alpha-plus', 2, 1, 0, 0, 0, STRINGDECODE('Glavenus Braces \u03b1 +'), 'Glavenus', '4', 'glavenus-essence'),
('glavenus-waist-alpha-plus', 3, 2, 0, 0, 0, STRINGDECODE('Glavenus Faulds \u03b1 +'), 'Glavenus', '4', 'glavenus-essence'),
('glavenus-legs-alpha-plus', 4, 0, 1, 0, 0, STRINGDECODE('Glavenus Greaves \u03b1 +'), 'Glavenus', '4', 'glavenus-essence'),
('glavenus-head-beta-plus', 0, 0, 0, 0, 1, STRINGDECODE('Glavenus Helm \u03b2 +'), 'Glavenus', '5', 'glavenus-essence'),
('glavenus-body-beta-plus', 1, 0, 0, 0, 1, STRINGDECODE('Glavenus Mail \u03b2 +'), 'Glavenus', '5', 'glavenus-essence'),
('glavenus-arms-beta-plus', 2, 0, 0, 0, 1, STRINGDECODE('Glavenus Braces \u03b2 +'), 'Glavenus', '5', 'glavenus-essence'),
('glavenus-waist-beta-plus', 3, 0, 0, 0, 1, STRINGDECODE('Glavenus Faulds \u03b2 +'), 'Glavenus', '5', 'glavenus-essence'),
('glavenus-legs-beta-plus', 4, 0, 0, 0, 1, STRINGDECODE('Glavenus Greaves \u03b2 +'), 'Glavenus', '5', 'glavenus-essence'),
('high-metal-head-alpha-plus', 0, 0, 1, 0, 0, STRINGDECODE('High Metal Helm \u03b1 +'), 'High Metal', '4', NULL),
('high-metal-body-alpha-plus', 1, 0, 1, 0, 0, STRINGDECODE('High Metal Mail \u03b1 +'), 'High Metal', '4', NULL),
('high-metal-arms-alpha-plus', 2, 1, 1, 0, 0, STRINGDECODE('High Metal Braces \u03b1 +'), 'High Metal', '4', NULL),
('high-metal-waist-alpha-plus', 3, 0, 2, 0, 0, STRINGDECODE('High Metal Coil \u03b1 +'), 'High Metal', '4', NULL),
('high-metal-legs-alpha-plus', 4, 1, 2, 0, 0, STRINGDECODE('High Metal Greaves \u03b1 +'), 'High Metal', '4', NULL),
('high-metal-head-beta-plus', 0, 1, 0, 0, 1, STRINGDECODE('High Metal Helm \u03b2 +'), 'High Metal', '5', NULL),
('high-metal-body-beta-plus', 1, 1, 0, 0, 1, STRINGDECODE('High Metal Mail \u03b2 +'), 'High Metal', '5', NULL),
('high-metal-arms-beta-plus', 2, 1, 0, 0, 1, STRINGDECODE('High Metal Braces \u03b2 +'), 'High Metal', '5', NULL),
('high-metal-waist-beta-plus', 3, 0, 1, 0, 1, STRINGDECODE('High Metal Coil \u03b2 +'), 'High Metal', '5', NULL),
('high-metal-legs-beta-plus', 4, 0, 0, 1, 1, STRINGDECODE('High Metal Greaves \u03b2 +'), 'High Metal', '5', NULL),
('ingot-head-alpha-plus', 0, 0, 1, 0, 0, STRINGDECODE('Ingot Helm \u03b1 +'), 'Ingot', '4', NULL),
('ingot-body-alpha-plus', 1, 0, 0, 1, 0, STRINGDECODE('Ingot Mail \u03b1 +'), 'Ingot', '4', NULL),
('ingot-arms-alpha-plus', 2, 1, 1, 0, 0, STRINGDECODE('Ingot Vambraces \u03b1 +'), 'Ingot', '4', NULL),
('ingot-waist-alpha-plus', 3, 0, 1, 0, 0, STRINGDECODE('Ingot Coil \u03b1 +'), 'Ingot', '4', NULL),
('ingot-legs-alpha-plus', 4, 0, 1, 0, 0, STRINGDECODE('Ingot Greaves \u03b1 +'), 'Ingot', '4', NULL),
('ingot-head-beta-plus', 0, 0, 1, 0, 1, STRINGDECODE('Ingot Helm \u03b2 +'), 'Ingot', '5', NULL),
('ingot-body-beta-plus', 1, 0, 0, 0, 1, STRINGDECODE('Ingot Mail \u03b2 +'), 'Ingot', '5', NULL),
('ingot-arms-beta-plus', 2, 0, 0, 0, 1, STRINGDECODE('Ingot Vambraces \u03b2 +'), 'Ingot', '5', NULL),
('ingot-waist-beta-plus', 3, 1, 0, 0, 1, STRINGDECODE('Ingot Coil \u03b2 +'), 'Ingot', '5', NULL),
('ingot-legs-beta-plus', 4, 0, 0, 0, 1, STRINGDECODE('Ingot Greaves \u03b2 +'), 'Ingot', '5', NULL);            
INSERT INTO "PUBLIC"."ARMOR_PIECE" VALUES
('jyuratodus-head-alpha-plus', 0, 2, 0, 0, 0, STRINGDECODE('Jyura Helm \u03b1 +'), 'Jyuratodus', '4', NULL),
('jyuratodus-body-alpha-plus', 1, 0, 1, 0, 0, STRINGDECODE('Jyura Mail \u03b1 +'), 'Jyuratodus', '4', NULL),
('jyuratodus-arms-alpha-plus', 2, 1, 1, 0, 0, STRINGDECODE('Jyura Vambraces \u03b1 +'), 'Jyuratodus', '4', NULL),
('jyuratodus-waist-alpha-plus', 3, 0, 0, 1, 0, STRINGDECODE('Jyura Coil \u03b1 +'), 'Jyuratodus', '4', NULL),
('jyuratodus-legs-alpha-plus', 4, 0, 1, 0, 0, STRINGDECODE('Jyura Greaves \u03b1 +'), 'Jyuratodus', '4', NULL),
('jyuratodus-head-beta-plus', 0, 1, 0, 0, 1, STRINGDECODE('Jyura Helm \u03b2 +'), 'Jyuratodus', '5', NULL),
('jyuratodus-body-beta-plus', 1, 0, 0, 0, 1, STRINGDECODE('Jyura Mail \u03b2 +'), 'Jyuratodus', '5', NULL),
('jyuratodus-arms-beta-plus', 2, 0, 1, 0, 1, STRINGDECODE('Jyura Vambraces \u03b2 +'), 'Jyuratodus', '5', NULL),
('jyuratodus-waist-beta-plus', 3, 1, 0, 0, 1, STRINGDECODE('Jyura Coil \u03b2 +'), 'Jyuratodus', '5', NULL),
('jyuratodus-legs-beta-plus', 4, 1, 0, 0, 1, STRINGDECODE('Jyura Greaves \u03b2 +'), 'Jyuratodus', '5', NULL),
('tobi-kadachi-head-alpha-plus', 0, 0, 1, 0, 0, STRINGDECODE('Kadachi Helm \u03b1 +'), 'Tobi-Kadachi', '4', NULL),
('tobi-kadachi-body-alpha-plus', 1, 1, 1, 0, 0, STRINGDECODE('Kadachi Mail \u03b1 +'), 'Tobi-Kadachi', '4', NULL),
('tobi-kadachi-arms-alpha-plus', 2, 0, 1, 0, 0, STRINGDECODE('Kadachi Vambraces \u03b1 +'), 'Tobi-Kadachi', '4', NULL),
('tobi-kadachi-waist-alpha-plus', 3, 1, 0, 1, 0, STRINGDECODE('Kadachi Coil \u03b1 +'), 'Tobi-Kadachi', '4', NULL),
('tobi-kadachi-legs-alpha-plus', 4, 1, 0, 1, 0, STRINGDECODE('Kadachi Greaves \u03b1 +'), 'Tobi-Kadachi', '4', NULL),
('tobi-kadachi-head-beta-plus', 0, 1, 0, 0, 1, STRINGDECODE('Kadachi Helm \u03b2 +'), 'Tobi-Kadachi', '5', NULL),
('tobi-kadachi-body-beta-plus', 1, 0, 1, 0, 1, STRINGDECODE('Kadachi Mail \u03b2 +'), 'Tobi-Kadachi', '5', NULL),
('tobi-kadachi-arms-beta-plus', 2, 0, 1, 0, 1, STRINGDECODE('Kadachi Vambraces \u03b2 +'), 'Tobi-Kadachi', '5', NULL),
('tobi-kadachi-waist-beta-plus', 3, 1, 0, 0, 1, STRINGDECODE('Kadachi Coil \u03b2 +'), 'Tobi-Kadachi', '5', NULL),
('tobi-kadachi-legs-beta-plus', 4, 2, 0, 0, 1, STRINGDECODE('Kadachi Greaves \u03b2 +'), 'Tobi-Kadachi', '5', NULL),
('kirin-head-alpha-plus', 0, 1, 0, 1, 0, STRINGDECODE('Kirin Horn \u03b1 +'), 'Kirin', '4', 'kirin-divinity'),
('kirin-body-alpha-plus', 1, 0, 1, 1, 0, STRINGDECODE('Kirin Jacket \u03b1 +'), 'Kirin', '4', 'kirin-divinity'),
('kirin-arms-alpha-plus', 2, 0, 1, 1, 0, STRINGDECODE('Kirin Longarms \u03b1 +'), 'Kirin', '4', 'kirin-divinity'),
('kirin-waist-alpha-plus', 3, 0, 1, 0, 0, STRINGDECODE('Kirin Hoop \u03b1 +'), 'Kirin', '4', 'kirin-divinity'),
('kirin-legs-alpha-plus', 4, 1, 0, 0, 0, STRINGDECODE('Kirin Leg Guards \u03b1 +'), 'Kirin', '4', 'kirin-divinity'),
('kirin-head-beta-plus', 0, 2, 0, 0, 1, STRINGDECODE('Kirin Horn \u03b2 +'), 'Kirin', '5', 'kirin-divinity'),
('kirin-body-beta-plus', 1, 0, 1, 0, 1, STRINGDECODE('Kirin Jacket \u03b2 +'), 'Kirin', '5', 'kirin-divinity'),
('kirin-arms-beta-plus', 2, 0, 2, 0, 1, STRINGDECODE('Kirin Longarms \u03b2 +'), 'Kirin', '5', 'kirin-divinity'),
('kirin-waist-beta-plus', 3, 2, 0, 0, 1, STRINGDECODE('Kirin Hoop \u03b2 +'), 'Kirin', '5', 'kirin-divinity'),
('kirin-legs-beta-plus', 4, 0, 0, 0, 1, STRINGDECODE('Kirin Leg Guards \u03b2 +'), 'Kirin', '5', 'kirin-divinity'),
('kulu-ya-ku-head-alpha-plus', 0, 1, 0, 0, 0, STRINGDECODE('Kulu Headpiece \u03b1 +'), 'Kulu-Ya-Ku', '4', NULL),
('kulu-ya-ku-body-alpha-plus', 1, 0, 1, 0, 0, STRINGDECODE('Kulu Mail \u03b1 +'), 'Kulu-Ya-Ku', '4', NULL),
('kulu-ya-ku-arms-alpha-plus', 2, 2, 0, 0, 0, STRINGDECODE('Kulu Vambraces \u03b1 +'), 'Kulu-Ya-Ku', '4', NULL),
('kulu-ya-ku-waist-alpha-plus', 3, 0, 0, 1, 0, STRINGDECODE('Kulu Coil \u03b1 +'), 'Kulu-Ya-Ku', '4', NULL),
('kulu-ya-ku-legs-alpha-plus', 4, 0, 1, 0, 0, STRINGDECODE('Kulu Greaves \u03b1 +'), 'Kulu-Ya-Ku', '4', NULL),
('kulu-ya-ku-head-beta-plus', 0, 0, 0, 0, 1, STRINGDECODE('Kulu Headpiece \u03b2 +'), 'Kulu-Ya-Ku', '5', NULL);       
INSERT INTO "PUBLIC"."ARMOR_PIECE" VALUES
('kulu-ya-ku-body-beta-plus', 1, 0, 0, 0, 1, STRINGDECODE('Kulu Mail \u03b2 +'), 'Kulu-Ya-Ku', '5', NULL),
('kulu-ya-ku-arms-beta-plus', 2, 0, 0, 0, 1, STRINGDECODE('Kulu Vambraces \u03b2 +'), 'Kulu-Ya-Ku', '5', NULL),
('kulu-ya-ku-waist-beta-plus', 3, 1, 0, 0, 1, STRINGDECODE('Kulu Coil \u03b2 +'), 'Kulu-Ya-Ku', '5', NULL),
('kulu-ya-ku-legs-beta-plus', 4, 0, 0, 0, 1, STRINGDECODE('Kulu Greaves \u03b2 +'), 'Kulu-Ya-Ku', '5', NULL),
('kushala-daora-head-alpha-plus', 0, 0, 1, 0, 0, STRINGDECODE('Kushala Glare \u03b1 +'), 'Kushala Daora', '4', 'kushala-daora-flight'),
('kushala-daora-body-alpha-plus', 1, 1, 0, 0, 0, STRINGDECODE('Kushala Cista \u03b1 +'), 'Kushala Daora', '4', 'kushala-daora-flight'),
('kushala-daora-arms-alpha-plus', 2, 1, 0, 0, 0, STRINGDECODE('Kushala Grip \u03b1 +'), 'Kushala Daora', '4', 'kushala-daora-flight'),
('kushala-daora-waist-alpha-plus', 3, 0, 1, 0, 0, STRINGDECODE('Kushala Cocoon \u03b1 +'), 'Kushala Daora', '4', 'kushala-daora-flight'),
('kushala-daora-legs-alpha-plus', 4, 1, 0, 0, 0, STRINGDECODE('Kushala Crus \u03b1 +'), 'Kushala Daora', '4', 'kushala-daora-flight'),
('kushala-daora-head-beta-plus', 0, 1, 0, 0, 1, STRINGDECODE('Kushala Glare \u03b2 +'), 'Kushala Daora', '5', 'kushala-daora-flight'),
('kushala-daora-body-beta-plus', 1, 0, 1, 0, 1, STRINGDECODE('Kushala Cista \u03b2 +'), 'Kushala Daora', '5', 'kushala-daora-flight'),
('kushala-daora-arms-beta-plus', 2, 0, 1, 0, 1, STRINGDECODE('Kushala Grip \u03b2 +'), 'Kushala Daora', '5', 'kushala-daora-flight'),
('kushala-daora-waist-beta-plus', 3, 1, 0, 0, 1, STRINGDECODE('Kushala Cocoon \u03b2 +'), 'Kushala Daora', '5', 'kushala-daora-flight'),
('kushala-daora-legs-beta-plus', 4, 0, 0, 1, 1, STRINGDECODE('Kushala Crus \u03b2 +'), 'Kushala Daora', '5', 'kushala-daora-flight'),
('lavasioth-head-alpha-plus', 0, 2, 0, 0, 0, STRINGDECODE('Lavasioth Helm \u03b1 +'), 'Lavasioth', '4', NULL),
('lavasioth-body-alpha-plus', 1, 2, 0, 0, 0, STRINGDECODE('Lavasioth Mail \u03b1 +'), 'Lavasioth', '4', NULL),
('lavasioth-arms-alpha-plus', 2, 1, 0, 0, 0, STRINGDECODE('Lavasioth Vambraces \u03b1 +'), 'Lavasioth', '4', NULL),
('lavasioth-waist-alpha-plus', 3, 1, 0, 0, 0, STRINGDECODE('Lavasioth Coil \u03b1 +'), 'Lavasioth', '4', NULL),
('lavasioth-legs-alpha-plus', 4, 0, 1, 0, 0, STRINGDECODE('Lavasioth Greaves \u03b1 +'), 'Lavasioth', '4', NULL),
('lavasioth-head-beta-plus', 0, 1, 0, 0, 1, STRINGDECODE('Lavasioth Helm \u03b2 +'), 'Lavasioth', '5', NULL),
('lavasioth-body-beta-plus', 1, 1, 0, 0, 1, STRINGDECODE('Lavasioth Mail \u03b2 +'), 'Lavasioth', '5', NULL),
('lavasioth-arms-beta-plus', 2, 0, 0, 0, 1, STRINGDECODE('Lavasioth Vambraces \u03b2 +'), 'Lavasioth', '5', NULL),
('lavasioth-waist-beta-plus', 3, 0, 0, 0, 1, STRINGDECODE('Lavasioth Coil \u03b2 +'), 'Lavasioth', '5', NULL),
('lavasioth-legs-beta-plus', 4, 1, 0, 0, 1, STRINGDECODE('Lavasioth Greaves \u03b2 +'), 'Lavasioth', '5', NULL),
('legiana-head-alpha-plus', 0, 0, 1, 0, 0, STRINGDECODE('Legiana Helm \u03b1 +'), 'Legiana', '4', 'legiana-ambition'),
('legiana-body-alpha-plus', 1, 1, 0, 0, 0, STRINGDECODE('Legiana Mail \u03b1 +'), 'Legiana', '4', 'legiana-ambition'),
('legiana-arms-alpha-plus', 2, 0, 0, 1, 0, STRINGDECODE('Legiana Vambraces \u03b1 +'), 'Legiana', '4', 'legiana-ambition'),
('legiana-waist-alpha-plus', 3, 0, 1, 0, 0, STRINGDECODE('Legiana Coil \u03b1 +'), 'Legiana', '4', 'legiana-ambition'),
('legiana-legs-alpha-plus', 4, 0, 0, 1, 0, STRINGDECODE('Legiana Greaves \u03b1 +'), 'Legiana', '4', 'legiana-ambition'),
('legiana-head-beta-plus', 0, 1, 0, 0, 1, STRINGDECODE('Legiana Helm \u03b2 +'), 'Legiana', '5', 'legiana-ambition'),
('legiana-body-beta-plus', 1, 0, 0, 0, 1, STRINGDECODE('Legiana Mail \u03b2 +'), 'Legiana', '5', 'legiana-ambition'),
('legiana-arms-beta-plus', 2, 0, 1, 0, 1, STRINGDECODE('Legiana Vambraces \u03b2 +'), 'Legiana', '5', 'legiana-ambition'),
('legiana-waist-beta-plus', 3, 1, 0, 0, 1, STRINGDECODE('Legiana Coil \u03b2 +'), 'Legiana', '5', 'legiana-ambition'),
('legiana-legs-beta-plus', 4, 0, 1, 0, 1, STRINGDECODE('Legiana Greaves \u03b2 +'), 'Legiana', '5', 'legiana-ambition');
INSERT INTO "PUBLIC"."ARMOR_PIECE" VALUES
('paolumu-head-alpha-plus', 0, 0, 0, 1, 0, STRINGDECODE('Lumu Hat \u03b1 +'), 'Paolumu', '4', NULL),
('paolumu-body-alpha-plus', 1, 1, 0, 1, 0, STRINGDECODE('Lumu Mail \u03b1 +'), 'Paolumu', '4', NULL),
('paolumu-arms-alpha-plus', 2, 0, 2, 0, 0, STRINGDECODE('Lumu Vambraces \u03b1 +'), 'Paolumu', '4', NULL),
('paolumu-waist-alpha-plus', 3, 0, 2, 0, 0, STRINGDECODE('Lumu Coil \u03b1 +'), 'Paolumu', '4', NULL),
('paolumu-legs-alpha-plus', 4, 0, 0, 1, 0, STRINGDECODE('Lumu Greaves \u03b1 +'), 'Paolumu', '4', NULL),
('paolumu-head-beta-plus', 0, 1, 0, 0, 1, STRINGDECODE('Lumu Hat \u03b2 +'), 'Paolumu', '5', NULL),
('paolumu-body-beta-plus', 1, 1, 0, 0, 1, STRINGDECODE('Lumu Mail \u03b2 +'), 'Paolumu', '5', NULL),
('paolumu-arms-beta-plus', 2, 1, 0, 0, 1, STRINGDECODE('Lumu Vambraces \u03b2 +'), 'Paolumu', '5', NULL),
('paolumu-waist-beta-plus', 3, 1, 0, 0, 1, STRINGDECODE('Lumu Coil \u03b2 +'), 'Paolumu', '5', NULL),
('paolumu-legs-beta-plus', 4, 1, 0, 0, 1, STRINGDECODE('Lumu Greaves \u03b2 +'), 'Paolumu', '5', NULL),
('nightshade-paolumu-head-alpha-plus', 0, 2, 0, 0, 0, STRINGDECODE('Lumu Phantasm Hood \u03b1 +'), 'Nightshade Paolumu', '4', NULL),
('nightshade-paolumu-body-alpha-plus', 1, 0, 1, 0, 0, STRINGDECODE('Lumu Phantasm Mail \u03b1 +'), 'Nightshade Paolumu', '4', NULL),
('nightshade-paolumu-arms-alpha-plus', 2, 0, 1, 0, 0, STRINGDECODE('Lumu Phantasm Braces \u03b1 +'), 'Nightshade Paolumu', '4', NULL),
('nightshade-paolumu-waist-alpha-plus', 3, 0, 1, 0, 0, STRINGDECODE('Lumu Phantasm Coil \u03b1 +'), 'Nightshade Paolumu', '4', NULL),
('nightshade-paolumu-legs-alpha-plus', 4, 0, 0, 1, 0, STRINGDECODE('Lumu Phantasm Greaves \u03b1 +'), 'Nightshade Paolumu', '4', NULL),
('nightshade-paolumu-head-beta-plus', 0, 0, 0, 0, 1, STRINGDECODE('Lumu Phantasm Hood \u03b2 +'), 'Nightshade Paolumu', '5', NULL),
('nightshade-paolumu-body-beta-plus', 1, 1, 0, 0, 1, STRINGDECODE('Lumu Phantasm Mail \u03b2 +'), 'Nightshade Paolumu', '5', NULL),
('nightshade-paolumu-arms-beta-plus', 2, 0, 0, 0, 1, STRINGDECODE('Lumu Phantasm Braces \u03b2 +'), 'Nightshade Paolumu', '5', NULL),
('nightshade-paolumu-waist-beta-plus', 3, 0, 0, 0, 1, STRINGDECODE('Lumu Phantasm Coil \u03b2 +'), 'Nightshade Paolumu', '5', NULL),
('nightshade-paolumu-legs-beta-plus', 4, 1, 0, 0, 1, STRINGDECODE('Lumu Phantasm Greaves \u03b2 +'), 'Nightshade Paolumu', '5', NULL),
('lunastra-head-alpha-plus', 0, 0, 0, 1, 0, STRINGDECODE('Empress Crown \u03b1 +'), 'Lunastra', '4', 'lunastra-essence'),
('lunastra-body-alpha-plus', 1, 0, 1, 0, 0, STRINGDECODE('Empress Mail \u03b1 +'), 'Lunastra', '4', 'lunastra-essence'),
('lunastra-arms-alpha-plus', 2, 1, 1, 0, 0, STRINGDECODE('Empress Vambraces \u03b1 +'), 'Lunastra', '4', 'lunastra-essence'),
('lunastra-waist-alpha-plus', 3, 1, 2, 0, 0, STRINGDECODE('Empress Coil \u03b1 +'), 'Lunastra', '4', 'lunastra-essence'),
('lunastra-legs-alpha-plus', 4, 0, 0, 1, 0, STRINGDECODE('Empress Greaves \u03b1 +'), 'Lunastra', '4', 'lunastra-essence'),
('lunastra-head-beta-plus', 0, 0, 1, 0, 1, STRINGDECODE('Empress Crown \u03b2 +'), 'Lunastra', '5', 'lunastra-essence'),
('lunastra-body-beta-plus', 1, 1, 0, 0, 1, STRINGDECODE('Empress Mail \u03b2 +'), 'Lunastra', '5', 'lunastra-essence'),
('lunastra-arms-beta-plus', 2, 1, 0, 0, 1, STRINGDECODE('Empress Vambraces \u03b2 +'), 'Lunastra', '5', 'lunastra-essence'),
('lunastra-waist-beta-plus', 3, 0, 1, 0, 1, STRINGDECODE('Empress Coil \u03b2 +'), 'Lunastra', '5', 'lunastra-essence'),
('lunastra-legs-beta-plus', 4, 0, 1, 0, 1, STRINGDECODE('Empress Greaves \u03b2 +'), 'Lunastra', '5', 'lunastra-essence'),
('namielle-head-alpha-plus', 0, 1, 0, 0, 0, STRINGDECODE('Tentacle Cowl \u03b1 +'), 'Namielle', '4', 'namielle-divinity'),
('namielle-body-alpha-plus', 1, 0, 2, 0, 0, STRINGDECODE('Tentacle Cloak \u03b1 +'), 'Namielle', '4', 'namielle-divinity'),
('namielle-arms-alpha-plus', 2, 1, 0, 0, 0, STRINGDECODE('Tentacle Gloves \u03b1 +'), 'Namielle', '4', 'namielle-divinity'),
('namielle-waist-alpha-plus', 3, 3, 0, 0, 0, STRINGDECODE('Tentacle Coil \u03b1 +'), 'Namielle', '4', 'namielle-divinity');             
INSERT INTO "PUBLIC"."ARMOR_PIECE" VALUES
('namielle-legs-alpha-plus', 4, 1, 1, 0, 0, STRINGDECODE('Tentacle Greaves \u03b1 +'), 'Namielle', '4', 'namielle-divinity'),
('namielle-head-beta-plus', 0, 0, 0, 0, 1, STRINGDECODE('Tentacle Cowl \u03b2 +'), 'Namielle', '5', 'namielle-divinity'),
('namielle-body-beta-plus', 1, 0, 1, 0, 1, STRINGDECODE('Tentacle Cloak \u03b2 +'), 'Namielle', '5', 'namielle-divinity'),
('namielle-arms-beta-plus', 2, 0, 0, 0, 1, STRINGDECODE('Tentacle Gloves \u03b2 +'), 'Namielle', '5', 'namielle-divinity'),
('namielle-waist-beta-plus', 3, 2, 0, 0, 1, STRINGDECODE('Tentacle Coil \u03b2 +'), 'Namielle', '5', 'namielle-divinity'),
('namielle-legs-beta-plus', 4, 0, 1, 0, 1, STRINGDECODE('Tentacle Greaves \u03b2 +'), 'Namielle', '5', 'namielle-divinity'),
('nargacuga-head-alpha-plus', 0, 2, 0, 0, 0, STRINGDECODE('Nargacuga Helm \u03b1 +'), 'Nargacuga', '4', 'nargacuga-essence'),
('nargacuga-body-alpha-plus', 1, 0, 1, 0, 0, STRINGDECODE('Nargacuga Mail \u03b1 +'), 'Nargacuga', '4', 'nargacuga-essence'),
('nargacuga-arms-alpha-plus', 2, 1, 0, 0, 0, STRINGDECODE('Nargacuga Vambraces \u03b1 +'), 'Nargacuga', '4', 'nargacuga-essence'),
('nargacuga-waist-alpha-plus', 3, 1, 0, 0, 0, STRINGDECODE('Nargacuga Faulds \u03b1 +'), 'Nargacuga', '4', 'nargacuga-essence'),
('nargacuga-legs-alpha-plus', 4, 2, 0, 0, 0, STRINGDECODE('Nargacuga Greaves \u03b1 +'), 'Nargacuga', '4', 'nargacuga-essence'),
('nargacuga-head-beta-plus', 0, 1, 0, 0, 1, STRINGDECODE('Nargacuga Helm \u03b2 +'), 'Nargacuga', '5', 'nargacuga-essence'),
('nargacuga-body-beta-plus', 1, 0, 0, 0, 1, STRINGDECODE('Nargacuga Mail \u03b2 +'), 'Nargacuga', '5', 'nargacuga-essence'),
('nargacuga-arms-beta-plus', 2, 0, 0, 0, 1, STRINGDECODE('Nargacuga Vambraces \u03b2 +'), 'Nargacuga', '5', 'nargacuga-essence'),
('nargacuga-waist-beta-plus', 3, 0, 0, 0, 1, STRINGDECODE('Nargacuga Faulds \u03b2 +'), 'Nargacuga', '5', 'nargacuga-essence'),
('nargacuga-legs-beta-plus', 4, 1, 0, 0, 1, STRINGDECODE('Nargacuga Greaves \u03b2 +'), 'Nargacuga', '5', 'nargacuga-essence'),
('odogaron-head-alpha-plus', 0, 0, 1, 0, 0, STRINGDECODE('Odogaron Helm \u03b1 +'), 'Odogaron', '4', 'odogaron-essence'),
('odogaron-body-alpha-plus', 1, 0, 0, 1, 0, STRINGDECODE('Odogaron Mail \u03b1 +'), 'Odogaron', '4', 'odogaron-essence'),
('odogaron-arms-alpha-plus', 2, 1, 0, 0, 0, STRINGDECODE('Odogaron Vambraces \u03b1 +'), 'Odogaron', '4', 'odogaron-essence'),
('odogaron-waist-alpha-plus', 3, 0, 1, 0, 0, STRINGDECODE('Odogaron Coil \u03b1 +'), 'Odogaron', '4', 'odogaron-essence'),
('odogaron-legs-alpha-plus', 4, 1, 0, 0, 0, STRINGDECODE('Odogaron Greaves \u03b1 +'), 'Odogaron', '4', 'odogaron-essence'),
('odogaron-head-beta-plus', 0, 0, 0, 0, 1, STRINGDECODE('Odogaron Helm \u03b2 +'), 'Odogaron', '5', 'odogaron-essence'),
('odogaron-body-beta-plus', 1, 1, 0, 0, 1, STRINGDECODE('Odogaron Mail \u03b2 +'), 'Odogaron', '5', 'odogaron-essence'),
('odogaron-arms-beta-plus', 2, 0, 0, 0, 1, STRINGDECODE('Odogaron Vambraces \u03b2 +'), 'Odogaron', '5', 'odogaron-essence'),
('odogaron-waist-beta-plus', 3, 0, 1, 0, 1, STRINGDECODE('Odogaron Coil \u03b2 +'), 'Odogaron', '5', 'odogaron-essence'),
('odogaron-legs-beta-plus', 4, 0, 0, 0, 1, STRINGDECODE('Odogaron Greaves \u03b2 +'), 'Odogaron', '5', 'odogaron-essence'),
('pukei-pukei-head-alpha-plus', 0, 0, 2, 0, 0, STRINGDECODE('Pukei Hat \u03b1 +'), 'Pukei Pukei', '4', NULL),
('pukei-pukei-body-alpha-plus', 1, 0, 1, 0, 0, STRINGDECODE('Pukei Mail \u03b1 +'), 'Pukei Pukei', '4', NULL),
('pukei-pukei-arms-alpha-plus', 2, 1, 0, 0, 0, STRINGDECODE('Pukei Vambraces \u03b1 +'), 'Pukei Pukei', '4', NULL),
('pukei-pukei-waist-alpha-plus', 3, 0, 0, 1, 0, STRINGDECODE('Pukei Coil \u03b1 +'), 'Pukei Pukei', '4', NULL),
('pukei-pukei-legs-alpha-plus', 4, 0, 0, 1, 0, STRINGDECODE('Pukei Greaves \u03b1 +'), 'Pukei Pukei', '4', NULL),
('pukei-pukei-head-beta-plus', 0, 2, 0, 0, 1, STRINGDECODE('Pukei Hat \u03b2 +'), 'Pukei Pukei', '5', NULL),
('pukei-pukei-body-beta-plus', 1, 0, 0, 0, 1, STRINGDECODE('Pukei Mail \u03b2 +'), 'Pukei Pukei', '5', NULL),
('pukei-pukei-arms-beta-plus', 2, 0, 0, 0, 1, STRINGDECODE('Pukei Vambraces \u03b2 +'), 'Pukei Pukei', '5', NULL);
INSERT INTO "PUBLIC"."ARMOR_PIECE" VALUES
('pukei-pukei-waist-beta-plus', 3, 1, 0, 0, 1, STRINGDECODE('Pukei Coil \u03b2 +'), 'Pukei Pukei', '5', NULL),
('pukei-pukei-legs-beta-plus', 4, 0, 1, 0, 1, STRINGDECODE('Pukei Greaves \u03b2 +'), 'Pukei Pukei', '5', NULL),
('pink-rathian-head-alpha-plus', 0, 0, 0, 1, 0, STRINGDECODE('Rath Heart Helm \u03b1 +'), 'Pink Rathian', '4', 'rathian-essence'),
('pink-rathian-body-alpha-plus', 1, 0, 1, 0, 0, STRINGDECODE('Rath Heart Mail \u03b1 +'), 'Pink Rathian', '4', 'rathian-essence'),
('pink-rathian-arms-alpha-plus', 2, 0, 1, 0, 0, STRINGDECODE('Rath Heart Braces \u03b1 +'), 'Pink Rathian', '4', 'rathian-essence'),
('pink-rathian-waist-alpha-plus', 3, 0, 0, 1, 0, STRINGDECODE('Rath Heart Coil \u03b1 +'), 'Pink Rathian', '4', 'rathian-essence'),
('pink-rathian-legs-alpha-plus', 4, 1, 1, 0, 0, STRINGDECODE('Rath Heart Greaves \u03b1 +'), 'Pink Rathian', '4', 'rathian-essence'),
('pink-rathian-head-beta-plus', 0, 1, 0, 0, 1, STRINGDECODE('Rath Heart Helm \u03b2 +'), 'Pink Rathian', '5', 'rathian-essence'),
('pink-rathian-body-beta-plus', 1, 2, 0, 0, 1, STRINGDECODE('Rath Heart Mail \u03b2 +'), 'Pink Rathian', '5', 'rathian-essence'),
('pink-rathian-arms-beta-plus', 2, 0, 1, 0, 1, STRINGDECODE('Rath Heart Braces \u03b2 +'), 'Pink Rathian', '5', 'rathian-essence'),
('pink-rathian-waist-beta-plus', 3, 0, 0, 0, 1, STRINGDECODE('Rath Heart Coil \u03b2 +'), 'Pink Rathian', '5', 'rathian-essence'),
('pink-rathian-legs-beta-plus', 4, 0, 1, 0, 1, STRINGDECODE('Rath Heart Greaves \u03b2 +'), 'Pink Rathian', '5', 'rathian-essence'),
('azure-rathalos-head-alpha-plus', 0, 2, 0, 0, 0, STRINGDECODE('Rath Soul Helm \u03b1 +'), 'Azure Rathalos', '4', 'rathalos-essence'),
('azure-rathalos-body-alpha-plus', 1, 0, 1, 0, 0, STRINGDECODE('Rath Soul Mail \u03b1 +'), 'Azure Rathalos', '4', 'rathalos-essence'),
('azure-rathalos-arms-alpha-plus', 2, 0, 1, 0, 0, STRINGDECODE('Rath Soul Braces \u03b1 +'), 'Azure Rathalos', '4', 'rathalos-essence'),
('azure-rathalos-waist-alpha-plus', 3, 0, 0, 1, 0, STRINGDECODE('Rath Soul Coil \u03b1 +'), 'Azure Rathalos', '4', 'rathalos-essence'),
('azure-rathalos-legs-alpha-plus', 4, 1, 0, 0, 0, STRINGDECODE('Rath Soul Greaves \u03b1 +'), 'Azure Rathalos', '4', 'rathalos-essence'),
('azure-rathalos-head-beta-plus', 0, 0, 0, 0, 1, STRINGDECODE('Rath Soul Helm \u03b2 +'), 'Azure Rathalos', '5', 'rathalos-essence'),
('azure-rathalos-body-beta-plus', 1, 1, 0, 0, 1, STRINGDECODE('Rath Soul Mail \u03b2 +'), 'Azure Rathalos', '5', 'rathalos-essence'),
('azure-rathalos-arms-beta-plus', 2, 1, 0, 0, 1, STRINGDECODE('Rath Soul Braces \u03b2 +'), 'Azure Rathalos', '5', 'rathalos-essence'),
('azure-rathalos-waist-beta-plus', 3, 0, 1, 0, 1, STRINGDECODE('Rath Soul Coil \u03b2 +'), 'Azure Rathalos', '5', 'rathalos-essence'),
('azure-rathalos-legs-beta-plus', 4, 0, 0, 0, 1, STRINGDECODE('Rath Soul Greaves \u03b2 +'), 'Azure Rathalos', '5', 'rathalos-essence'),
('rathalos-head-alpha-plus', 0, 0, 1, 0, 0, STRINGDECODE('Rathalos Helm \u03b1 +'), 'Rathalos', '4', 'rathalos-essence'),
('rathalos-body-alpha-plus', 1, 2, 0, 0, 0, STRINGDECODE('Rathalos Mail \u03b1 +'), 'Rathalos', '4', 'rathalos-essence'),
('rathalos-arms-alpha-plus', 2, 0, 0, 1, 0, STRINGDECODE('Rathalos Vambraces \u03b1 +'), 'Rathalos', '4', 'rathalos-essence'),
('rathalos-waist-alpha-plus', 3, 0, 1, 0, 0, STRINGDECODE('Rathalos Coil \u03b1 +'), 'Rathalos', '4', 'rathalos-essence'),
('rathalos-legs-alpha-plus', 4, 0, 0, 1, 0, STRINGDECODE('Rathalos Greaves \u03b1 +'), 'Rathalos', '4', 'rathalos-essence'),
('rathalos-head-beta-plus', 0, 1, 0, 0, 1, STRINGDECODE('Rathalos Helm \u03b2 +'), 'Rathalos', '5', 'rathalos-essence'),
('rathalos-body-beta-plus', 1, 0, 0, 0, 1, STRINGDECODE('Rathalos Mail \u03b2 +'), 'Rathalos', '5', 'rathalos-essence'),
('rathalos-arms-beta-plus', 2, 0, 0, 1, 1, STRINGDECODE('Rathalos Vambraces \u03b2 +'), 'Rathalos', '5', 'rathalos-essence'),
('rathalos-waist-beta-plus', 3, 0, 1, 0, 1, STRINGDECODE('Rathalos Coil \u03b2 +'), 'Rathalos', '5', 'rathalos-essence'),
('rathalos-legs-beta-plus', 4, 0, 0, 0, 1, STRINGDECODE('Rathalos Greaves \u03b2 +'), 'Rathalos', '5', 'rathalos-essence');   
INSERT INTO "PUBLIC"."ARMOR_PIECE" VALUES
('rathian-head-alpha-plus', 0, 0, 0, 1, 0, STRINGDECODE('Rathian Helm \u03b1 +'), 'Rathian', '4', 'rathian-essence'),
('rathian-body-alpha-plus', 1, 0, 2, 0, 0, STRINGDECODE('Rathian Mail \u03b1 +'), 'Rathian', '4', 'rathian-essence'),
('rathian-arms-alpha-plus', 2, 0, 0, 1, 0, STRINGDECODE('Rathian Vambraces \u03b1 +'), 'Rathian', '4', 'rathian-essence'),
('rathian-waist-alpha-plus', 3, 0, 1, 1, 0, STRINGDECODE('Rathian Coil \u03b1 +'), 'Rathian', '4', 'rathian-essence'),
('rathian-legs-alpha-plus', 4, 0, 0, 1, 0, STRINGDECODE('Rathian Greaves \u03b1 +'), 'Rathian', '4', 'rathian-essence'),
('rathian-head-beta-plus', 0, 0, 0, 0, 1, STRINGDECODE('Rathian Helm \u03b2 +'), 'Rathian', '5', 'rathian-essence'),
('rathian-body-beta-plus', 1, 1, 0, 0, 1, STRINGDECODE('Rathian Mail \u03b2 +'), 'Rathian', '5', 'rathian-essence'),
('rathian-arms-beta-plus', 2, 0, 0, 0, 1, STRINGDECODE('Rathian Vambraces \u03b2 +'), 'Rathian', '5', 'rathian-essence'),
('rathian-waist-beta-plus', 3, 1, 0, 0, 1, STRINGDECODE('Rathian Coil \u03b2 +'), 'Rathian', '5', 'rathian-essence'),
('rathian-legs-beta-plus', 4, 0, 0, 0, 1, STRINGDECODE('Rathian Greaves \u03b2 +'), 'Rathian', '5', 'rathian-essence'),
('deviljho-head-alpha-plus', 0, 1, 0, 0, 0, STRINGDECODE('Esurient Helm \u03b1 +'), 'Deviljho', '4', 'deviljho-essence'),
('deviljho-body-alpha-plus', 1, 0, 1, 0, 0, STRINGDECODE('Esurient Mail \u03b1 +'), 'Deviljho', '4', 'deviljho-essence'),
('deviljho-arms-alpha-plus', 2, 0, 1, 0, 0, STRINGDECODE('Esurient Vambraces \u03b1 +'), 'Deviljho', '4', 'deviljho-essence'),
('deviljho-waist-alpha-plus', 3, 1, 0, 0, 0, STRINGDECODE('Esurient Faulds \u03b1 +'), 'Deviljho', '4', 'deviljho-essence'),
('deviljho-legs-alpha-plus', 4, 0, 2, 0, 0, STRINGDECODE('Esurient Greaves \u03b1 +'), 'Deviljho', '4', 'deviljho-essence'),
('deviljho-head-beta-plus', 0, 0, 0, 1, 1, STRINGDECODE('Esurient Helm \u03b2 +'), 'Deviljho', '5', 'deviljho-essence'),
('deviljho-body-beta-plus', 1, 0, 2, 0, 1, STRINGDECODE('Esurient Mail \u03b2 +'), 'Deviljho', '5', 'deviljho-essence'),
('deviljho-arms-beta-plus', 2, 0, 0, 0, 1, STRINGDECODE('Esurient Vambraces \u03b2 +'), 'Deviljho', '5', 'deviljho-essence'),
('deviljho-waist-beta-plus', 3, 1, 0, 0, 1, STRINGDECODE('Esurient Faulds \u03b2 +'), 'Deviljho', '5', 'deviljho-essence'),
('deviljho-legs-beta-plus', 4, 0, 1, 0, 1, STRINGDECODE('Esurient Greaves \u03b2 +'), 'Deviljho', '5', 'deviljho-essence'),
('seething-bazelgeuse-head-alpha-plus', 0, 1, 1, 0, 0, STRINGDECODE('Pride Helm \u03b1 +'), 'Seething Bazelgeuse', '4', 'bazelgeuse-ambition'),
('seething-bazelgeuse-body-alpha-plus', 1, 2, 0, 0, 0, STRINGDECODE('Pride Mail \u03b1 +'), 'Seething Bazelgeuse', '4', 'bazelgeuse-ambition'),
('seething-bazelgeuse-arms-alpha-plus', 2, 0, 0, 1, 0, STRINGDECODE('Pride Vambraces \u03b1 +'), 'Seething Bazelgeuse', '4', 'bazelgeuse-ambition'),
('seething-bazelgeuse-waist-alpha-plus', 3, 0, 0, 1, 0, STRINGDECODE('Pride Coil \u03b1 +'), 'Seething Bazelgeuse', '4', 'bazelgeuse-ambition'),
('seething-bazelgeuse-legs-alpha-plus', 4, 0, 0, 1, 0, STRINGDECODE('Pride Greaves \u03b1 +'), 'Seething Bazelgeuse', '4', 'bazelgeuse-ambition'),
('seething-bazelgeuse-head-beta-plus', 0, 1, 0, 0, 1, STRINGDECODE('Pride Helm \u03b2 +'), 'Seething Bazelgeuse', '5', 'bazelgeuse-ambition'),
('seething-bazelgeuse-body-beta-plus', 1, 2, 0, 0, 1, STRINGDECODE('Pride Mail \u03b2 +'), 'Seething Bazelgeuse', '5', 'bazelgeuse-ambition'),
('seething-bazelgeuse-arms-beta-plus', 2, 0, 0, 1, 1, STRINGDECODE('Pride Vambraces \u03b2 +'), 'Seething Bazelgeuse', '5', 'bazelgeuse-ambition'),
('seething-bazelgeuse-waist-beta-plus', 3, 0, 1, 0, 1, STRINGDECODE('Pride Coil \u03b2 +'), 'Seething Bazelgeuse', '5', 'bazelgeuse-ambition'),
('seething-bazelgeuse-legs-beta-plus', 4, 0, 1, 0, 1, STRINGDECODE('Pride Greaves \u03b2 +'), 'Seething Bazelgeuse', '5', 'bazelgeuse-ambition'),
('shara-ishvalda-head-alpha-plus', 0, 0, 0, 0, 0, STRINGDECODE('Shara Ishvalda Helm \u03b1 + (TODO Add skills/jewel slots)'), 'Shara Ishvalda', '4', 'shara-ishvalda-divinity');          
INSERT INTO "PUBLIC"."ARMOR_PIECE" VALUES
('shara-ishvalda-body-alpha-plus', 1, 0, 1, 1, 0, STRINGDECODE('Shara Ishvalda Mail \u03b1 +'), 'Shara Ishvalda', '4', 'shara-ishvalda-divinity'),
('shara-ishvalda-arms-alpha-plus', 2, 1, 0, 0, 0, STRINGDECODE('Shara Ishvalda Braces \u03b1 +'), 'Shara Ishvalda', '4', 'shara-ishvalda-divinity'),
('shara-ishvalda-waist-alpha-plus', 3, 0, 1, 1, 0, STRINGDECODE('Shara Ishvalda Coil \u03b1 +'), 'Shara Ishvalda', '4', 'shara-ishvalda-divinity'),
('shara-ishvalda-legs-alpha-plus', 4, 3, 0, 0, 0, STRINGDECODE('Shara Ishvalda Greaves \u03b1 +'), 'Shara Ishvalda', '4', 'shara-ishvalda-divinity'),
('shara-ishvalda-head-beta-plus', 0, 0, 1, 0, 1, STRINGDECODE('Shara Ishvalda Helm \u03b2 +'), 'Shara Ishvalda', '5', 'shara-ishvalda-divinity'),
('shara-ishvalda-body-beta-plus', 1, 0, 1, 0, 1, STRINGDECODE('Shara Ishvalda Mail \u03b2 +'), 'Shara Ishvalda', '5', 'shara-ishvalda-divinity'),
('shara-ishvalda-arms-beta-plus', 2, 0, 0, 0, 1, STRINGDECODE('Shara Ishvalda Braces \u03b2 +'), 'Shara Ishvalda', '5', 'shara-ishvalda-divinity'),
('shara-ishvalda-waist-beta-plus', 3, 0, 0, 1, 1, STRINGDECODE('Shara Ishvalda Coil \u03b2 +'), 'Shara Ishvalda', '5', 'shara-ishvalda-divinity'),
('shara-ishvalda-legs-beta-plus', 4, 1, 1, 0, 1, STRINGDECODE('Shara Ishvalda Greaves \u03b2 +'), 'Shara Ishvalda', '5', 'shara-ishvalda-divinity'),
('shrieking-legiana-head-alpha-plus', 0, 3, 0, 0, 0, STRINGDECODE('Hoarcry Helm \u03b1 +'), 'Shrieking Legiana', '4', 'legiana-ambition'),
('shrieking-legiana-body-alpha-plus', 1, 2, 0, 0, 0, STRINGDECODE('Hoarcry Mail \u03b1 +'), 'Shrieking Legiana', '4', 'legiana-ambition'),
('shrieking-legiana-arms-alpha-plus', 2, 2, 0, 0, 0, STRINGDECODE('Hoarcry Vambraces \u03b1 +'), 'Shrieking Legiana', '4', 'legiana-ambition'),
('shrieking-legiana-waist-alpha-plus', 3, 2, 0, 0, 0, STRINGDECODE('Hoarcry Coil \u03b1 +'), 'Shrieking Legiana', '4', 'legiana-ambition'),
('shrieking-legiana-legs-alpha-plus', 4, 2, 0, 0, 0, STRINGDECODE('Hoarcry Greaves \u03b1 +'), 'Shrieking Legiana', '4', 'legiana-ambition'),
('shrieking-legiana-head-beta-plus', 0, 1, 0, 0, 1, STRINGDECODE('Hoarcry Helm \u03b2 +'), 'Shrieking Legiana', '5', 'legiana-ambition'),
('shrieking-legiana-body-beta-plus', 1, 0, 0, 0, 1, STRINGDECODE('Hoarcry Mail \u03b2 +'), 'Shrieking Legiana', '5', 'legiana-ambition'),
('shrieking-legiana-arms-beta-plus', 2, 0, 0, 0, 1, STRINGDECODE('Hoarcry Vambraces \u03b2 +'), 'Shrieking Legiana', '5', 'legiana-ambition'),
('shrieking-legiana-waist-beta-plus', 3, 0, 0, 0, 1, STRINGDECODE('Hoarcry Coil \u03b2 +'), 'Shrieking Legiana', '5', 'legiana-ambition'),
('shrieking-legiana-legs-beta-plus', 4, 0, 1, 0, 1, STRINGDECODE('Hoarcry Greaves \u03b2 +'), 'Shrieking Legiana', '5', 'legiana-ambition'),
('teostra-head-alpha-plus', 0, 1, 0, 0, 0, STRINGDECODE('Kaiser Crown \u03b1 +'), 'Teostra', '4', 'teostra-technique'),
('teostra-body-alpha-plus', 1, 1, 1, 0, 0, STRINGDECODE('Kaiser Mail \u03b1 +'), 'Teostra', '4', 'teostra-technique'),
('teostra-arms-alpha-plus', 2, 0, 1, 0, 0, STRINGDECODE('Kaiser Vambraces \u03b1 +'), 'Teostra', '4', 'teostra-technique'),
('teostra-waist-alpha-plus', 3, 0, 0, 1, 0, STRINGDECODE('Kaiser Coil \u03b1 +'), 'Teostra', '4', 'teostra-technique'),
('teostra-legs-alpha-plus', 4, 0, 1, 0, 0, STRINGDECODE('Kaiser Greaves \u03b1 +'), 'Teostra', '4', 'teostra-technique'),
('teostra-head-beta-plus', 0, 0, 0, 0, 1, STRINGDECODE('Kaiser Crown \u03b2 +'), 'Teostra', '5', 'teostra-technique'),
('teostra-body-beta-plus', 1, 2, 0, 0, 1, STRINGDECODE('Kaiser Mail \u03b2 +'), 'Teostra', '5', 'teostra-technique'),
('teostra-arms-beta-plus', 2, 0, 0, 1, 1, STRINGDECODE('Kaiser Vambraces \u03b2 +'), 'Teostra', '5', 'teostra-technique'),
('teostra-waist-beta-plus', 3, 1, 1, 0, 1, STRINGDECODE('Kaiser Coil \u03b2 +'), 'Teostra', '5', 'teostra-technique'),
('teostra-legs-beta-plus', 4, 0, 0, 0, 1, STRINGDECODE('Kaiser Greaves \u03b2 +'), 'Teostra', '5', 'teostra-technique'),
('tigrex-head-alpha-plus', 0, 1, 0, 0, 0, STRINGDECODE('Tigrex Helm \u03b1 +'), 'Tigrex', '4', 'tigrex-essence'),
('tigrex-body-alpha-plus', 1, 0, 1, 0, 0, STRINGDECODE('Tigrex Mail \u03b1 +'), 'Tigrex', '4', 'tigrex-essence');
INSERT INTO "PUBLIC"."ARMOR_PIECE" VALUES
('tigrex-arms-alpha-plus', 2, 1, 0, 0, 0, STRINGDECODE('Tigrex Braces \u03b1 +'), 'Tigrex', '4', 'tigrex-essence'),
('tigrex-waist-alpha-plus', 3, 1, 0, 1, 0, STRINGDECODE('Tigrex Tassets \u03b1 +'), 'Tigrex', '4', 'tigrex-essence'),
('tigrex-legs-alpha-plus', 4, 1, 0, 1, 0, STRINGDECODE('Tigrex Greaves \u03b1 +'), 'Tigrex', '4', 'tigrex-essence'),
('tigrex-head-beta-plus', 0, 0, 0, 0, 1, STRINGDECODE('Tigrex Helm \u03b2 +'), 'Tigrex', '5', 'tigrex-essence'),
('tigrex-body-beta-plus', 1, 1, 0, 0, 1, STRINGDECODE('Tigrex Mail \u03b2 +'), 'Tigrex', '5', 'tigrex-essence'),
('tigrex-arms-beta-plus', 2, 0, 0, 0, 1, STRINGDECODE('Tigrex Braces \u03b2 +'), 'Tigrex', '5', 'tigrex-essence'),
('tigrex-waist-beta-plus', 3, 1, 1, 0, 1, STRINGDECODE('Tigrex Tassets \u03b2 +'), 'Tigrex', '5', 'tigrex-essence'),
('tigrex-legs-beta-plus', 4, 0, 1, 0, 1, STRINGDECODE('Tigrex Greaves \u03b2 +'), 'Tigrex', '5', 'tigrex-essence'),
('uragaan-head-alpha-plus', 0, 1, 1, 0, 0, STRINGDECODE('Uragaan Helm \u03b1 +'), 'Uragaan', '4', 'uragaan-ambition'),
('uragaan-body-alpha-plus', 1, 0, 0, 1, 0, STRINGDECODE('Uragaan Mail \u03b1 +'), 'Uragaan', '4', 'uragaan-ambition'),
('uragaan-arms-alpha-plus', 2, 0, 1, 0, 0, STRINGDECODE('Uragaan Vambraces \u03b1 +'), 'Uragaan', '4', 'uragaan-ambition'),
('uragaan-waist-alpha-plus', 3, 1, 1, 0, 0, STRINGDECODE('Uragaan Coil \u03b1 +'), 'Uragaan', '4', 'uragaan-ambition'),
('uragaan-legs-alpha-plus', 4, 1, 0, 0, 0, STRINGDECODE('Uragaan Greaves \u03b1 +'), 'Uragaan', '4', 'uragaan-ambition'),
('uragaan-head-beta-plus', 0, 0, 0, 1, 1, STRINGDECODE('Uragaan Helm \u03b2 +'), 'Uragaan', '5', 'uragaan-ambition'),
('uragaan-body-beta-plus', 1, 0, 0, 0, 1, STRINGDECODE('Uragaan Mail \u03b2 +'), 'Uragaan', '5', 'uragaan-ambition'),
('uragaan-arms-beta-plus', 2, 0, 0, 0, 1, STRINGDECODE('Uragaan Vambraces \u03b2 +'), 'Uragaan', '5', 'uragaan-ambition'),
('uragaan-waist-beta-plus', 3, 0, 1, 0, 1, STRINGDECODE('Uragaan Coil \u03b2 +'), 'Uragaan', '5', 'uragaan-ambition'),
('uragaan-legs-beta-plus', 4, 1, 0, 0, 1, STRINGDECODE('Uragaan Greaves \u03b2 +'), 'Uragaan', '5', 'uragaan-ambition'),
('velkhana-head-alpha-plus', 0, 0, 1, 1, 0, STRINGDECODE('Rimeguard Helm \u03b1 +'), 'Velkhana', '4', 'velkhana-divinity'),
('velkhana-body-alpha-plus', 1, 1, 0, 0, 0, STRINGDECODE('Rimeguard Mail \u03b1 +'), 'Velkhana', '4', 'velkhana-divinity'),
('velkhana-arms-alpha-plus', 2, 1, 0, 0, 0, STRINGDECODE('Rimeguard Vambraces \u03b1 +'), 'Velkhana', '4', 'velkhana-divinity'),
('velkhana-waist-alpha-plus', 3, 1, 1, 0, 0, STRINGDECODE('Rimeguard Coil \u03b1 +'), 'Velkhana', '4', 'velkhana-divinity'),
('velkhana-legs-alpha-plus', 4, 2, 0, 0, 0, STRINGDECODE('Rimeguard Greaves \u03b1 +'), 'Velkhana', '4', 'velkhana-divinity'),
('velkhana-head-beta-plus', 0, 0, 1, 0, 1, STRINGDECODE('Rimeguard Helm \u03b2 +'), 'Velkhana', '5', 'velkhana-divinity'),
('velkhana-body-beta-plus', 1, 1, 0, 0, 1, STRINGDECODE('Rimeguard Mail \u03b2 +'), 'Velkhana', '5', 'velkhana-divinity'),
('velkhana-arms-beta-plus', 2, 0, 0, 0, 1, STRINGDECODE('Rimeguard Vambraces \u03b2 +'), 'Velkhana', '5', 'velkhana-divinity'),
('velkhana-waist-beta-plus', 3, 1, 0, 0, 1, STRINGDECODE('Rimeguard Coil \u03b2 +'), 'Velkhana', '5', 'velkhana-divinity'),
('velkhana-legs-beta-plus', 4, 1, 0, 0, 1, STRINGDECODE('Rimeguard Greaves \u03b2 +'), 'Velkhana', '5', 'velkhana-divinity'),
('viper-tobi-kadachi-head-alpha-plus', 0, 1, 0, 0, 0, STRINGDECODE('Viper Kadachi Hat \u03b1 +'), 'Viper Tobi-Kadachi', '4', NULL),
('viper-tobi-kadachi-body-alpha-plus', 1, 2, 0, 0, 0, STRINGDECODE('Viper Kadachi Mail \u03b1 +'), 'Viper Tobi-Kadachi', '4', NULL),
('viper-tobi-kadachi-arms-alpha-plus', 2, 0, 1, 0, 0, STRINGDECODE('Viper Kadachi Braces \u03b1 +'), 'Viper Tobi-Kadachi', '4', NULL),
('viper-tobi-kadachi-waist-alpha-plus', 3, 0, 1, 0, 0, STRINGDECODE('Viper Kadachi Coil \u03b1 +'), 'Viper Tobi-Kadachi', '4', NULL),
('viper-tobi-kadachi-legs-alpha-plus', 4, 0, 1, 0, 0, STRINGDECODE('Viper Kadachi Greaves \u03b1 +'), 'Viper Tobi-Kadachi', '4', NULL),
('viper-tobi-kadachi-head-beta-plus', 0, 0, 0, 0, 1, STRINGDECODE('Viper Kadachi Hat \u03b2 +'), 'Viper Tobi-Kadachi', '5', NULL);
INSERT INTO "PUBLIC"."ARMOR_PIECE" VALUES
('viper-tobi-kadachi-body-beta-plus', 1, 1, 0, 0, 1, STRINGDECODE('Viper Kadachi Mail \u03b2 +'), 'Viper Tobi-Kadachi', '5', NULL),
('viper-tobi-kadachi-arms-beta-plus', 2, 0, 0, 0, 1, STRINGDECODE('Viper Kadachi Braces \u03b2 +'), 'Viper Tobi-Kadachi', '5', NULL),
('viper-tobi-kadachi-waist-beta-plus', 3, 1, 0, 0, 1, STRINGDECODE('Viper Kadachi Coil \u03b2 +'), 'Viper Tobi-Kadachi', '5', NULL),
('viper-tobi-kadachi-legs-beta-plus', 4, 1, 0, 0, 1, STRINGDECODE('Viper Kadachi Greaves \u03b2 +'), 'Viper Tobi-Kadachi', '5', NULL),
('yian-garuga-head-alpha-plus', 0, 0, 0, 1, 0, STRINGDECODE('Garuga Helm \u03b1 +'), 'Yian-Garuga', '4', NULL),
('yian-garuga-body-alpha-plus', 1, 1, 0, 0, 0, STRINGDECODE('Garuga Mail \u03b1 +'), 'Yian-Garuga', '4', NULL),
('yian-garuga-arms-alpha-plus', 2, 1, 0, 0, 0, STRINGDECODE('Garuga Vambraces \u03b1 +'), 'Yian-Garuga', '4', NULL),
('yian-garuga-waist-alpha-plus', 3, 2, 0, 0, 0, STRINGDECODE('Garuga Tassets \u03b1 +'), 'Yian-Garuga', '4', NULL),
('yian-garuga-legs-alpha-plus', 4, 0, 0, 2, 0, STRINGDECODE('Garuga Greaves \u03b1 +'), 'Yian-Garuga', '4', NULL),
('yian-garuga-head-beta-plus', 0, 0, 1, 0, 1, STRINGDECODE('Garuga Helm \u03b2 +'), 'Yian-Garuga', '5', NULL),
('yian-garuga-body-beta-plus', 1, 0, 0, 0, 1, STRINGDECODE('Garuga Mail \u03b2 +'), 'Yian-Garuga', '5', NULL),
('yian-garuga-arms-beta-plus', 2, 0, 0, 0, 1, STRINGDECODE('Garuga Vambraces \u03b2 +'), 'Yian-Garuga', '5', NULL),
('yian-garuga-waist-beta-plus', 3, 0, 0, 1, 1, STRINGDECODE('Garuga Tassets \u03b2 +'), 'Yian-Garuga', '5', NULL),
('yian-garuga-legs-beta-plus', 4, 0, 2, 0, 1, STRINGDECODE('Garuga Greaves \u03b2 +'), 'Yian-Garuga', '5', NULL),
('zinogre-head-alpha-plus', 0, 1, 0, 0, 0, STRINGDECODE('Zinogre Helm \u03b1 +'), 'Zinogre', '4', 'zinogre-essence'),
('zinogre-body-alpha-plus', 1, 0, 0, 1, 0, STRINGDECODE('Zinogre Mail \u03b1 +'), 'Zinogre', '4', 'zinogre-essence'),
('zinogre-arms-alpha-plus', 2, 1, 1, 0, 0, STRINGDECODE('Zinogre Braces \u03b1 +'), 'Zinogre', '4', 'zinogre-essence'),
('zinogre-waist-alpha-plus', 3, 0, 1, 0, 0, STRINGDECODE('Zinogre Coil \u03b1 +'), 'Zinogre', '4', 'zinogre-essence'),
('zinogre-legs-alpha-plus', 4, 1, 0, 0, 0, STRINGDECODE('Zinogre Greaves \u03b1 +'), 'Zinogre', '4', 'zinogre-essence'),
('zinogre-head-beta-plus', 0, 0, 0, 0, 1, STRINGDECODE('Zinogre Helm \u03b2 +'), 'Zinogre', '5', 'zinogre-essence'),
('zinogre-body-beta-plus', 1, 0, 0, 0, 1, STRINGDECODE('Zinogre Mail \u03b2 +'), 'Zinogre', '5', 'zinogre-essence'),
('zinogre-arms-beta-plus', 2, 0, 1, 0, 1, STRINGDECODE('Zinogre Braces \u03b2 +'), 'Zinogre', '5', 'zinogre-essence'),
('zinogre-waist-beta-plus', 3, 0, 1, 0, 1, STRINGDECODE('Zinogre Coil \u03b2 +'), 'Zinogre', '5', 'zinogre-essence'),
('zinogre-legs-beta-plus', 4, 1, 0, 0, 1, STRINGDECODE('Zinogre Greaves \u03b2 +'), 'Zinogre', '5', 'zinogre-essence'),
('zorah-magdaros-head-alpha-plus', 0, 0, 2, 0, 0, STRINGDECODE('Zorah Headgear \u03b1 +'), 'Zorah Magdaros', '4', 'zorah-magdaros-essence'),
('zorah-magdaros-body-alpha-plus', 1, 1, 0, 1, 0, STRINGDECODE('Zorah Hide \u03b1 +'), 'Zorah Magdaros', '4', 'zorah-magdaros-essence'),
('zorah-magdaros-arms-alpha-plus', 2, 2, 0, 0, 0, STRINGDECODE('Zorah Claws \u03b1 +'), 'Zorah Magdaros', '4', 'zorah-magdaros-essence'),
('zorah-magdaros-waist-alpha-plus', 3, 0, 1, 1, 0, STRINGDECODE('Zorah Spine \u03b1 +'), 'Zorah Magdaros', '4', 'zorah-magdaros-essence'),
('zorah-magdaros-legs-alpha-plus', 4, 1, 0, 1, 0, STRINGDECODE('Zorah Spurs \u03b1 +'), 'Zorah Magdaros', '4', 'zorah-magdaros-essence'),
('zorah-magdaros-head-beta-plus', 0, 1, 1, 0, 1, STRINGDECODE('Zorah Headgear \u03b2 +'), 'Zorah Magdaros', '5', 'zorah-magdaros-essence'),
('zorah-magdaros-body-beta-plus', 1, 0, 1, 0, 1, STRINGDECODE('Zorah Hide \u03b2 +'), 'Zorah Magdaros', '5', 'zorah-magdaros-essence'),
('zorah-magdaros-arms-beta-plus', 2, 1, 0, 0, 1, STRINGDECODE('Zorah Claws \u03b2 +'), 'Zorah Magdaros', '5', 'zorah-magdaros-essence'),
('zorah-magdaros-waist-beta-plus', 3, 0, 0, 1, 1, STRINGDECODE('Zorah Spine \u03b2 +'), 'Zorah Magdaros', '5', 'zorah-magdaros-essence');              
INSERT INTO "PUBLIC"."ARMOR_PIECE" VALUES
('zorah-magdaros-legs-beta-plus', 4, 0, 0, 1, 1, STRINGDECODE('Zorah Spurs \u03b2 +'), 'Zorah Magdaros', '5', 'zorah-magdaros-essence'),
('kestodon-arms-alpha-plus', 2, 2, 0, 0, 0, STRINGDECODE('Kestodon Guards \u03b1 +'), 'Kestodon', '4', NULL),
('kestodon-arms-beta-plus', 2, 1, 0, 0, 1, STRINGDECODE('Kestodon Guards \u03b2 +'), 'Kestodon', '5', NULL),
('barnos-body-alpha-plus', 1, 0, 2, 0, 0, STRINGDECODE('Barnos Jacket \u03b1 +'), 'Barnos', '4', NULL),
('barnos-body-beta-plus', 1, 0, 1, 0, 1, STRINGDECODE('Barnos Jacket \u03b2 +'), 'Barnos', '5', NULL),
('wulg-head-alpha-plus', 0, 1, 1, 0, 0, STRINGDECODE('Wulg Scarf \u03b1 +'), 'Wulg', '4', NULL),
('wulg-head-beta-plus', 0, 1, 0, 0, 1, STRINGDECODE('Wulg Scarf \u03b2 +'), 'Wulg', '5', NULL),
('cortos-body-alpha-plus', 1, 2, 0, 0, 0, STRINGDECODE('Cortos Cape \u03b1 +'), 'Cortos', '4', NULL),
('cortos-body-beta-plus', 1, 0, 0, 0, 1, STRINGDECODE('Cortos Cape \u03b2 +'), 'Cortos', '5', NULL),
('gajau-legs-alpha-plus', 4, 1, 1, 0, 0, STRINGDECODE('Gajau Boots \u03b1 +'), 'Gajau', '4', NULL),
('gajau-legs-beta-plus', 4, 1, 0, 0, 1, STRINGDECODE('Gajau Boots \u03b2 +'), 'Gajau', '5', NULL),
('shamos-head-beta-plus', 0, 0, 1, 0, 1, STRINGDECODE('Shamos Goggles \u03b2 +'), 'Shamos', '5', NULL),
('shamos-head-alpha-plus', 0, 1, 1, 0, 0, STRINGDECODE('Shamos Goggles \u03b1 +'), 'Shamos', '4', NULL),
('gastodon-head-alpha-plus', 0, 1, 0, 0, 0, STRINGDECODE('Gastodon Horn \u03b1 +'), 'Gastodon', '4', NULL),
('gastodon-head-beta-plus', 0, 1, 0, 0, 1, STRINGDECODE('Gastodon Horn \u03b2 +'), 'Gastodon', '5', NULL),
('pearlspring-head-alpha-plus', 0, 1, 1, 0, 0, STRINGDECODE('Pearlspring \u03b1 +'), 'Pearlspring', '4', NULL);        
CREATE CACHED TABLE "PUBLIC"."ARMOR_PIECE_SKILL"(
    "SKILL_LEVEL" INTEGER NOT NULL CHECK (("SKILL_LEVEL" <= 7)
    AND ("SKILL_LEVEL" >= 1)),
    "ARMOR_PIECE_ID" VARCHAR NOT NULL,
    "SKILL_ID" VARCHAR NOT NULL
);      
ALTER TABLE "PUBLIC"."ARMOR_PIECE_SKILL" ADD CONSTRAINT "PUBLIC"."CONSTRAINT_F" PRIMARY KEY("ARMOR_PIECE_ID", "SKILL_ID");     
-- 1066 +/- SELECT COUNT(*) FROM PUBLIC.ARMOR_PIECE_SKILL;     
INSERT INTO "PUBLIC"."ARMOR_PIECE_SKILL" VALUES
(1, 'diablos-head-alpha-plus', 'slugger'),
(1, 'ko-charm-i', 'slugger'),
(1, 'kestodon-arms-lr', 'affinity-sliding'),
(1, 'kestodon-arms-alpha', 'affinity-sliding'),
(1, 'kestodon-arms-alpha', 'focus'),
(1, 'lavasioth-arms-alpha', 'affinity-sliding'),
(1, 'lavasioth-arms-alpha', 'wide-range'),
(1, 'commission-legs-alpha', 'affinity-sliding'),
(2, 'commission-legs-alpha', 'stealth'),
(1, 'kestodon-arms-beta', 'affinity-sliding'),
(1, 'lavasioth-arms-beta', 'affinity-sliding'),
(1, 'azure-starlord-head-alpha', 'agitator'),
(1, 'kulve-taroth-head-alpha', 'free-elem-ammo-up'),
(2, 'kulve-taroth-head-alpha', 'agitator'),
(2, 'kulve-taroth-body-alpha', 'critical-boost'),
(2, 'kulve-taroth-body-alpha', 'stun-resistance'),
(1, 'kulve-taroth-arms-alpha', 'free-elem-ammo-up'),
(2, 'kulve-taroth-arms-alpha', 'power-prolonger'),
(1, 'kulve-taroth-waist-alpha', 'free-elem-ammo-up'),
(2, 'kulve-taroth-waist-alpha', 'handicraft'),
(2, 'kulve-taroth-legs-alpha', 'peak-performance'),
(2, 'kulve-taroth-legs-alpha', 'wide-range'),
(1, 'azure-starlord-body-alpha', 'handicraft'),
(2, 'azure-starlord-arms-alpha', 'recovery-up'),
(1, 'azure-starlord-legs-alpha', 'critical-boost'),
(1, 'azure-starlord-waist-alpha', 'handicraft'),
(1, 'bone-head-alpha-plus', 'partbreaker'),
(2, 'bone-head-alpha-plus', 'health-boost'),
(1, 'bone-body-alpha-plus', 'health-boost'),
(2, 'bone-body-alpha-plus', 'attack-boost'),
(1, 'bone-arms-alpha-plus', 'attack-boost'),
(2, 'bone-arms-alpha-plus', 'slugger'),
(1, 'bone-waist-alpha-plus', 'horn-maestro'),
(1, 'bone-waist-alpha-plus', 'partbreaker'),
(1, 'bone-legs-alpha-plus', 'horn-maestro'),
(1, 'bone-legs-alpha-plus', 'slugger'),
(1, 'bone-head-beta-plus', 'health-boost'),
(1, 'bone-head-beta-plus', 'partbreaker'),
(1, 'bone-waist-beta-plus', 'horn-maestro'),
(1, 'bone-legs-beta-plus', 'slugger'),
(1, 'alloy-head-alpha-plus', 'defense-boost'),
(2, 'alloy-head-alpha-plus', 'windproof'),
(1, 'bone-body-beta-plus', 'attack-boost'),
(1, 'bone-arms-beta-plus', 'slugger'),
(1, 'alloy-body-alpha-plus', 'defense-boost'),
(2, 'alloy-body-alpha-plus', 'water-resistance'),
(1, 'alloy-arms-alpha-plus', 'speed-sharpening'),
(2, 'alloy-arms-alpha-plus', 'defense-boost'),
(1, 'alloy-waist-alpha-plus', 'windproof'),
(2, 'alloy-waist-alpha-plus', 'poison-resistance'),
(1, 'alloy-legs-alpha-plus', 'windproof'),
(2, 'alloy-legs-alpha-plus', 'speed-sharpening'),
(1, 'alloy-head-beta-plus', 'windproof'),
(1, 'alloy-body-beta-plus', 'water-resistance'),
(1, 'alloy-arms-beta-plus', 'defense-boost'),
(1, 'alloy-waist-beta-plus', 'poison-resistance'),
(1, 'alloy-waist-beta-plus', 'windproof'),
(1, 'alloy-legs-beta-plus', 'speed-sharpening'),
(1, 'alloy-legs-beta-plus', 'windproof'),
(1, 'vespoid-head-alpha-plus', 'paralysis-attack'),
(1, 'vespoid-head-alpha-plus', 'quick-sheath'),
(2, 'vespoid-body-alpha-plus', 'windproof'),
(1, 'vespoid-arms-alpha-plus', 'quick-sheath'),
(2, 'vespoid-arms-alpha-plus', 'paralysis-attack'),
(1, 'vespoid-waist-alpha-plus', 'quick-sheath'),
(2, 'vespoid-waist-alpha-plus', 'paralysis-resistance'),
(1, 'vespoid-legs-alpha-plus', 'critical-draw'),
(1, 'vespoid-legs-alpha-plus', 'paralysis-resistance'),
(1, 'vespoid-head-beta-plus', 'quick-sheath'),
(1, 'vespoid-body-beta-plus', 'windproof'),
(1, 'vespoid-arms-beta-plus', 'paralysis-attack'),
(1, 'vespoid-waist-beta-plus', 'paralysis-resistance'),
(1, 'vespoid-legs-beta-plus', 'critical-draw'),
(1, 'hornetaur-head-alpha-plus', 'weakness-exploit'),
(2, 'hornetaur-head-alpha-plus', 'dragon-attack'),
(1, 'hornetaur-body-alpha-plus', 'effluvial-expert'),
(2, 'hornetaur-body-alpha-plus', 'hunger-resistance'),
(1, 'hornetaur-arms-alpha-plus', 'free-meal'),
(1, 'hornetaur-arms-alpha-plus', 'handicraft'),
(1, 'hornetaur-waist-alpha-plus', 'hunger-resistance'),
(1, 'hornetaur-waist-alpha-plus', 'weakness-exploit'),
(1, 'hornetaur-legs-alpha-plus', 'dragon-attack'),
(1, 'hornetaur-legs-alpha-plus', 'handicraft'),
(1, 'hornetaur-head-beta-plus', 'dragon-attack'),
(1, 'hornetaur-head-beta-plus', 'weakness-exploit'),
(1, 'hornetaur-body-beta-plus', 'effluvial-expert');    
INSERT INTO "PUBLIC"."ARMOR_PIECE_SKILL" VALUES
(1, 'hornetaur-arms-beta-plus', 'free-meal'),
(1, 'hornetaur-waist-beta-plus', 'weakness-exploit'),
(1, 'hornetaur-legs-beta-plus', 'handicraft'),
(2, 'jagras-head-alpha-plus', 'attack-boost'),
(2, 'jagras-head-alpha-plus', 'speed-eating'),
(1, 'jagras-body-alpha-plus', 'evade-extender'),
(2, 'jagras-body-alpha-plus', 'attack-boost'),
(1, 'jagras-arms-alpha-plus', 'recovery-up'),
(2, 'jagras-arms-alpha-plus', 'evade-extender'),
(1, 'jagras-waist-alpha-plus', 'recovery-up'),
(1, 'jagras-waist-alpha-plus', 'speed-eating'),
(1, 'jagras-legs-alpha-plus', 'free-meal'),
(1, 'jagras-legs-alpha-plus', 'recovery-up'),
(1, 'jagras-head-beta-plus', 'attack-boost'),
(1, 'jagras-head-beta-plus', 'speed-eating'),
(1, 'jagras-body-beta-plus', 'attack-boost'),
(1, 'jagras-body-beta-plus', 'evade-extender'),
(1, 'jagras-arms-beta-plus', 'evade-extender'),
(1, 'jagras-arms-beta-plus', 'recovery-up'),
(1, 'jagras-waist-beta-plus', 'recovery-up'),
(1, 'jagras-legs-beta-plus', 'free-meal'),
(1, 'tzitzi-head-alpha-plus', 'free-elem-ammo-up'),
(1, 'tzitzi-head-alpha-plus', 'stun-resistance'),
(2, 'tzitzi-body-alpha-plus', 'constitution'),
(2, 'tzitzi-body-alpha-plus', 'water-attack'),
(2, 'tzitzi-arms-alpha-plus', 'stun-resistance'),
(2, 'tzitzi-arms-alpha-plus', 'wide-range'),
(2, 'tzitzi-waist-alpha-plus', 'water-attack'),
(2, 'tzitzi-waist-alpha-plus', 'wide-range'),
(1, 'tzitzi-legs-alpha-plus', 'wide-range'),
(2, 'tzitzi-legs-alpha-plus', 'sleep-resistance'),
(1, 'tzitzi-head-beta-plus', 'free-elem-ammo-up'),
(1, 'tzitzi-body-beta-plus', 'constitution'),
(1, 'tzitzi-body-beta-plus', 'water-attack'),
(1, 'tzitzi-arms-beta-plus', 'wide-range'),
(2, 'tzitzi-arms-beta-plus', 'stun-resistance'),
(2, 'tzitzi-waist-beta-plus', 'wide-range'),
(1, 'tzitzi-legs-beta-plus', 'sleep-resistance'),
(1, 'tzitzi-legs-beta-plus', 'wide-range'),
(1, 'girros-head-alpha-plus', 'paralysis-resistance'),
(2, 'girros-head-alpha-plus', 'horn-maestro'),
(1, 'girros-body-alpha-plus', 'free-elem-ammo-up'),
(2, 'girros-body-alpha-plus', 'paralysis-resistance'),
(1, 'girros-arms-alpha-plus', 'free-elem-ammo-up'),
(2, 'girros-arms-alpha-plus', 'effluvia-resistance'),
(1, 'girros-waist-alpha-plus', 'effluvial-expert'),
(2, 'girros-waist-alpha-plus', 'paralysis-attack'),
(1, 'girros-legs-alpha-plus', 'free-elem-ammo-up'),
(2, 'girros-legs-alpha-plus', 'paralysis-attack'),
(2, 'girros-head-beta-plus', 'horn-maestro'),
(2, 'girros-body-beta-plus', 'paralysis-resistance'),
(1, 'girros-arms-beta-plus', 'effluvia-resistance'),
(1, 'girros-arms-beta-plus', 'free-elem-ammo-up'),
(1, 'girros-waist-beta-plus', 'effluvial-expert'),
(2, 'girros-legs-beta-plus', 'paralysis-attack'),
(2, 'acidic-glavenus-head-alpha-plus', 'effluvia-resistance'),
(2, 'acidic-glavenus-head-alpha-plus', 'maximum-might'),
(1, 'acidic-glavenus-body-alpha-plus', 'stamina-surge'),
(2, 'acidic-glavenus-body-alpha-plus', 'handicraft'),
(1, 'acidic-glavenus-arms-alpha-plus', 'handicraft'),
(2, 'acidic-glavenus-arms-alpha-plus', 'stun-resistance'),
(2, 'acidic-glavenus-waist-alpha-plus', 'handicraft'),
(2, 'acidic-glavenus-waist-alpha-plus', 'iron-skin'),
(1, 'acidic-glavenus-legs-alpha-plus', 'stamina-surge'),
(2, 'acidic-glavenus-legs-alpha-plus', 'maximum-might'),
(1, 'acidic-glavenus-head-beta-plus', 'maximum-might'),
(2, 'acidic-glavenus-head-beta-plus', 'effluvia-resistance'),
(1, 'acidic-glavenus-body-beta-plus', 'handicraft'),
(1, 'acidic-glavenus-body-beta-plus', 'stamina-surge'),
(2, 'acidic-glavenus-arms-beta-plus', 'stun-resistance'),
(2, 'acidic-glavenus-waist-beta-plus', 'handicraft'),
(1, 'acidic-glavenus-legs-beta-plus', 'maximum-might'),
(2, 'anjanath-head-alpha-plus', 'fire-attack'),
(2, 'anjanath-head-alpha-plus', 'fire-resistance'),
(1, 'anjanath-body-alpha-plus', 'special-ammo-boost'),
(2, 'anjanath-body-alpha-plus', 'marathon-runner'),
(1, 'anjanath-arms-alpha-plus', 'special-ammo-boost'),
(2, 'anjanath-arms-alpha-plus', 'fire-attack'),
(1, 'anjanath-waist-alpha-plus', 'artillery'),
(2, 'anjanath-waist-alpha-plus', 'fire-resistance'),
(1, 'anjanath-legs-alpha-plus', 'marathon-runner');    
INSERT INTO "PUBLIC"."ARMOR_PIECE_SKILL" VALUES
(2, 'anjanath-legs-alpha-plus', 'artillery'),
(2, 'anjanath-head-beta-plus', 'fire-attack'),
(1, 'anjanath-body-beta-plus', 'marathon-runner'),
(1, 'anjanath-body-beta-plus', 'special-ammo-boost'),
(1, 'anjanath-arms-beta-plus', 'fire-attack'),
(1, 'anjanath-arms-beta-plus', 'special-ammo-boost'),
(2, 'anjanath-waist-beta-plus', 'fire-resistance'),
(2, 'anjanath-legs-beta-plus', 'artillery'),
(1, 'artian-head-alpha-plus', 'free-elem-ammo-up'),
(2, 'artian-head-alpha-plus', 'slinger-capacity'),
(1, 'artian-body-alpha-plus', 'peak-performance'),
(3, 'artian-body-alpha-plus', 'critical-eye'),
(1, 'artian-arms-alpha-plus', 'tool-specialist'),
(2, 'artian-arms-alpha-plus', 'free-elem-ammo-up'),
(1, 'artian-waist-alpha-plus', 'critical-eye'),
(2, 'artian-waist-alpha-plus', 'tool-specialist'),
(1, 'artian-legs-alpha-plus', 'slinger-capacity'),
(2, 'artian-legs-alpha-plus', 'peak-performance'),
(1, 'artian-head-beta-plus', 'free-elem-ammo-up'),
(1, 'artian-head-beta-plus', 'slinger-capacity'),
(1, 'artian-body-beta-plus', 'peak-performance'),
(2, 'artian-body-beta-plus', 'critical-eye'),
(2, 'artian-arms-beta-plus', 'free-elem-ammo-up'),
(1, 'artian-waist-beta-plus', 'critical-eye'),
(1, 'artian-waist-beta-plus', 'tool-specialist'),
(2, 'artian-legs-beta-plus', 'peak-performance'),
(1, 'radobaan-head-alpha-plus', 'slugger'),
(2, 'radobaan-head-alpha-plus', 'tremor-resistance'),
(1, 'radobaan-body-alpha-plus', 'bleeding-resistance'),
(1, 'radobaan-body-alpha-plus', 'sleep-attack'),
(1, 'radobaan-arms-alpha-plus', 'guard'),
(2, 'radobaan-arms-alpha-plus', 'sleep-attack'),
(2, 'radobaan-waist-alpha-plus', 'guard'),
(2, 'radobaan-waist-alpha-plus', 'sleep-resistance'),
(1, 'radobaan-legs-alpha-plus', 'guard'),
(2, 'radobaan-legs-alpha-plus', 'bleeding-resistance'),
(2, 'radobaan-head-beta-plus', 'tremor-resistance'),
(1, 'radobaan-body-beta-plus', 'sleep-attack'),
(1, 'radobaan-arms-beta-plus', 'guard'),
(1, 'radobaan-arms-beta-plus', 'sleep-attack'),
(2, 'radobaan-waist-beta-plus', 'guard'),
(2, 'radobaan-legs-beta-plus', 'bleeding-resistance'),
(1, 'banbaro-head-alpha-plus', 'mushroomancer'),
(2, 'banbaro-head-alpha-plus', 'resentment'),
(1, 'banbaro-body-alpha-plus', 'offensive-guard'),
(1, 'banbaro-body-alpha-plus', 'speed-eating'),
(1, 'banbaro-arms-alpha-plus', 'offensive-guard'),
(2, 'banbaro-arms-alpha-plus', 'health-boost'),
(1, 'banbaro-waist-alpha-plus', 'mushroomancer'),
(1, 'banbaro-waist-alpha-plus', 'offensive-guard'),
(1, 'banbaro-legs-alpha-plus', 'mushroomancer'),
(1, 'banbaro-legs-alpha-plus', 'speed-eating'),
(2, 'banbaro-head-beta-plus', 'resentment'),
(1, 'banbaro-body-beta-plus', 'speed-eating'),
(1, 'banbaro-arms-beta-plus', 'health-boost'),
(1, 'banbaro-arms-beta-plus', 'offensive-guard'),
(1, 'banbaro-waist-beta-plus', 'mushroomancer'),
(1, 'banbaro-legs-beta-plus', 'mushroomancer'),
(1, 'barioth-head-alpha-plus', 'power-prolonger'),
(2, 'barioth-head-alpha-plus', 'evade-extender'),
(1, 'barioth-body-alpha-plus', 'constitution'),
(1, 'barioth-body-alpha-plus', 'power-prolonger'),
(2, 'barioth-arms-alpha-plus', 'constitution'),
(2, 'barioth-arms-alpha-plus', 'recovery-up'),
(1, 'barioth-waist-alpha-plus', 'quick-sheath'),
(1, 'barioth-waist-alpha-plus', 'recovery-up'),
(1, 'barioth-legs-alpha-plus', 'quick-sheath'),
(2, 'barioth-legs-alpha-plus', 'constitution'),
(1, 'barioth-head-beta-plus', 'evade-extender'),
(1, 'barioth-head-beta-plus', 'power-prolonger'),
(1, 'barioth-body-beta-plus', 'power-prolonger'),
(1, 'barioth-arms-beta-plus', 'constitution'),
(2, 'barioth-arms-beta-plus', 'recovery-up'),
(1, 'barioth-waist-beta-plus', 'quick-sheath'),
(1, 'barioth-legs-beta-plus', 'constitution'),
(1, 'barioth-legs-beta-plus', 'quick-sheath'),
(1, 'barroth-head-alpha-plus', 'marathon-runner'),
(2, 'barroth-head-alpha-plus', 'guard'),
(1, 'barroth-body-alpha-plus', 'agitator'),
(2, 'barroth-body-alpha-plus', 'stamina-thief'),
(1, 'barroth-arms-alpha-plus', 'guard'),
(1, 'barroth-arms-alpha-plus', 'marathon-runner'),
(1, 'barroth-waist-alpha-plus', 'guard'),
(2, 'barroth-waist-alpha-plus', 'agitator');           
INSERT INTO "PUBLIC"."ARMOR_PIECE_SKILL" VALUES
(1, 'barroth-legs-alpha-plus', 'marathon-runner'),
(2, 'barroth-legs-alpha-plus', 'stun-resistance'),
(2, 'barroth-head-beta-plus', 'guard'),
(2, 'barroth-body-beta-plus', 'stamina-thief'),
(1, 'barroth-arms-beta-plus', 'marathon-runner'),
(2, 'barroth-waist-beta-plus', 'agitator'),
(2, 'barroth-legs-beta-plus', 'stun-resistance'),
(1, 'beotodus-head-alpha-plus', 'earplugs'),
(2, 'beotodus-head-alpha-plus', 'aquatic-polar-mobility'),
(1, 'beotodus-body-alpha-plus', 'stamina-surge'),
(2, 'beotodus-body-alpha-plus', 'ice-attack'),
(1, 'beotodus-arms-alpha-plus', 'health-boost'),
(2, 'beotodus-arms-alpha-plus', 'ice-attack'),
(2, 'beotodus-waist-alpha-plus', 'earplugs'),
(2, 'beotodus-waist-alpha-plus', 'health-boost'),
(1, 'beotodus-legs-alpha-plus', 'ice-attack'),
(2, 'beotodus-legs-alpha-plus', 'earplugs'),
(2, 'beotodus-head-beta-plus', 'aquatic-polar-mobility'),
(1, 'beotodus-body-beta-plus', 'stamina-surge'),
(2, 'beotodus-arms-beta-plus', 'ice-attack'),
(1, 'beotodus-waist-beta-plus', 'earplugs'),
(2, 'beotodus-waist-beta-plus', 'health-boost'),
(2, 'beotodus-legs-beta-plus', 'earplugs'),
(1, 'black-belt-head-alpha-plus', 'mushroomancer'),
(2, 'black-belt-head-alpha-plus', 'marathon-runner'),
(1, 'black-belt-body-alpha-plus', 'wide-range'),
(2, 'black-belt-body-alpha-plus', 'mushroomancer'),
(2, 'black-belt-arms-alpha-plus', 'horn-maestro'),
(2, 'black-belt-arms-alpha-plus', 'wide-range'),
(1, 'black-belt-waist-alpha-plus', 'marathon-runner'),
(2, 'black-belt-waist-alpha-plus', 'recovery-up'),
(1, 'black-belt-legs-alpha-plus', 'recovery-up'),
(2, 'black-belt-legs-alpha-plus', 'wide-range'),
(2, 'black-belt-head-beta-plus', 'marathon-runner'),
(2, 'black-belt-body-beta-plus', 'mushroomancer'),
(2, 'black-belt-arms-beta-plus', 'wide-range'),
(2, 'black-belt-waist-beta-plus', 'recovery-up'),
(2, 'black-belt-legs-beta-plus', 'wide-range'),
(2, 'blackveil-vaal-hazak-head-alpha-plus', 'dragon-attack'),
(2, 'blackveil-vaal-hazak-head-alpha-plus', 'peak-performance'),
(2, 'blackveil-vaal-hazak-body-alpha-plus', 'dragon-attack'),
(2, 'blackveil-vaal-hazak-body-alpha-plus', 'recovery-speed'),
(1, 'blackveil-vaal-hazak-arms-alpha-plus', 'speed-eating'),
(2, 'blackveil-vaal-hazak-arms-alpha-plus', 'recovery-up'),
(1, 'blackveil-vaal-hazak-waist-alpha-plus', 'peak-performance'),
(2, 'blackveil-vaal-hazak-waist-alpha-plus', 'speed-eating'),
(2, 'blackveil-vaal-hazak-legs-alpha-plus', 'dragon-attack'),
(2, 'blackveil-vaal-hazak-legs-alpha-plus', 'effluvia-resistance'),
(2, 'blackveil-vaal-hazak-head-beta-plus', 'peak-performance'),
(1, 'blackveil-vaal-hazak-body-beta-plus', 'dragon-attack'),
(2, 'blackveil-vaal-hazak-body-beta-plus', 'recovery-speed'),
(2, 'blackveil-vaal-hazak-arms-beta-plus', 'recovery-up'),
(2, 'blackveil-vaal-hazak-waist-beta-plus', 'speed-eating'),
(2, 'blackveil-vaal-hazak-legs-beta-plus', 'effluvia-resistance'),
(1, 'brachydios-head-alpha-plus', 'capacity-boost'),
(2, 'brachydios-head-alpha-plus', 'agitator'),
(1, 'brachydios-body-alpha-plus', 'agitator'),
(2, 'brachydios-body-alpha-plus', 'stamina-thief'),
(2, 'brachydios-arms-alpha-plus', 'agitator'),
(2, 'brachydios-arms-alpha-plus', 'blast-resistance'),
(1, 'brachydios-waist-alpha-plus', 'stamina-thief'),
(2, 'brachydios-waist-alpha-plus', 'blast-attack'),
(2, 'brachydios-legs-alpha-plus', 'agitator'),
(2, 'brachydios-legs-alpha-plus', 'artillery'),
(2, 'brachydios-head-beta-plus', 'agitator'),
(1, 'brachydios-body-beta-plus', 'agitator'),
(1, 'brachydios-body-beta-plus', 'stamina-thief'),
(1, 'brachydios-arms-beta-plus', 'blast-resistance'),
(2, 'brachydios-arms-beta-plus', 'agitator'),
(2, 'brachydios-waist-beta-plus', 'blast-attack'),
(1, 'brachydios-legs-beta-plus', 'artillery'),
(2, 'brachydios-legs-beta-plus', 'agitator'),
(1, 'clockwork-head-alpha-plus', 'partbreaker'),
(2, 'clockwork-head-alpha-plus', 'agitator'),
(1, 'clockwork-body-alpha-plus', 'special-ammo-boost'),
(2, 'clockwork-body-alpha-plus', 'agitator'),
(1, 'clockwork-arms-alpha-plus', 'tremor-resistance'),
(3, 'clockwork-arms-alpha-plus', 'bombardier');               
INSERT INTO "PUBLIC"."ARMOR_PIECE_SKILL" VALUES
(1, 'clockwork-waist-alpha-plus', 'sleep-functionality'),
(2, 'clockwork-waist-alpha-plus', 'partbreaker'),
(1, 'clockwork-legs-alpha-plus', 'critical-boost'),
(2, 'clockwork-legs-alpha-plus', 'bombardier'),
(1, 'clockwork-head-beta-plus', 'agitator'),
(1, 'clockwork-head-beta-plus', 'partbreaker'),
(2, 'clockwork-body-beta-plus', 'agitator'),
(3, 'clockwork-arms-beta-plus', 'bombardier'),
(2, 'clockwork-waist-beta-plus', 'partbreaker'),
(1, 'clockwork-legs-beta-plus', 'bombardier'),
(1, 'clockwork-legs-beta-plus', 'critical-boost'),
(1, 'coral-pukei-pukei-head-alpha-plus', 'item-prolonger'),
(2, 'coral-pukei-pukei-head-alpha-plus', 'critical-draw'),
(1, 'coral-pukei-pukei-body-alpha-plus', 'critical-draw'),
(1, 'coral-pukei-pukei-body-alpha-plus', 'power-prolonger'),
(1, 'coral-pukei-pukei-arms-alpha-plus', 'partbreaker'),
(1, 'coral-pukei-pukei-arms-alpha-plus', 'power-prolonger'),
(1, 'coral-pukei-pukei-waist-alpha-plus', 'partbreaker'),
(2, 'coral-pukei-pukei-waist-alpha-plus', 'water-attack'),
(2, 'coral-pukei-pukei-legs-alpha-plus', 'item-prolonger'),
(2, 'coral-pukei-pukei-legs-alpha-plus', 'water-attack'),
(1, 'coral-pukei-pukei-head-beta-plus', 'critical-draw'),
(1, 'coral-pukei-pukei-head-beta-plus', 'item-prolonger'),
(1, 'coral-pukei-pukei-body-beta-plus', 'power-prolonger'),
(1, 'coral-pukei-pukei-arms-beta-plus', 'partbreaker'),
(1, 'coral-pukei-pukei-waist-beta-plus', 'partbreaker'),
(1, 'coral-pukei-pukei-waist-beta-plus', 'water-attack'),
(2, 'coral-pukei-pukei-legs-beta-plus', 'item-prolonger'),
(2, 'damascus-head-alpha-plus', 'speed-sharpening'),
(3, 'damascus-head-alpha-plus', 'defense-boost'),
(2, 'damascus-body-alpha-plus', 'defense-boost'),
(2, 'damascus-body-alpha-plus', 'focus'),
(1, 'damascus-arms-alpha-plus', 'speed-sharpening'),
(2, 'damascus-arms-alpha-plus', 'handicraft'),
(1, 'damascus-waist-alpha-plus', 'focus'),
(1, 'damascus-waist-alpha-plus', 'guard'),
(2, 'damascus-legs-alpha-plus', 'defense-boost'),
(2, 'damascus-legs-alpha-plus', 'guard'),
(3, 'damascus-head-beta-plus', 'defense-boost'),
(2, 'damascus-body-beta-plus', 'focus'),
(2, 'damascus-arms-beta-plus', 'handicraft'),
(1, 'damascus-waist-beta-plus', 'focus'),
(1, 'damascus-legs-beta-plus', 'guard'),
(2, 'damascus-legs-beta-plus', 'defense-boost'),
(1, 'ebony-odogaron-head-alpha-plus', 'tool-specialist'),
(2, 'ebony-odogaron-head-alpha-plus', 'latent-power'),
(2, 'ebony-odogaron-body-alpha-plus', 'dragon-resistance'),
(3, 'ebony-odogaron-body-alpha-plus', 'critical-eye'),
(1, 'ebony-odogaron-arms-alpha-plus', 'power-prolonger'),
(2, 'ebony-odogaron-arms-alpha-plus', 'dragon-attack'),
(1, 'ebony-odogaron-waist-alpha-plus', 'latent-power'),
(2, 'ebony-odogaron-waist-alpha-plus', 'dragon-attack'),
(1, 'ebony-odogaron-legs-alpha-plus', 'power-prolonger'),
(2, 'ebony-odogaron-legs-alpha-plus', 'tool-specialist'),
(2, 'ebony-odogaron-head-beta-plus', 'latent-power'),
(1, 'ebony-odogaron-body-beta-plus', 'dragon-resistance'),
(2, 'ebony-odogaron-body-beta-plus', 'critical-eye'),
(1, 'ebony-odogaron-arms-beta-plus', 'dragon-attack'),
(1, 'ebony-odogaron-arms-beta-plus', 'power-prolonger'),
(2, 'ebony-odogaron-waist-beta-plus', 'dragon-attack'),
(2, 'ebony-odogaron-legs-beta-plus', 'tool-specialist'),
(2, 'diablos-head-alpha-plus', 'critical-draw'),
(2, 'diablos-body-alpha-plus', 'heroics'),
(2, 'diablos-body-alpha-plus', 'slugger'),
(1, 'diablos-arms-alpha-plus', 'tremor-resistance'),
(3, 'diablos-arms-alpha-plus', 'heroics'),
(1, 'diablos-waist-alpha-plus', 'critical-draw'),
(2, 'diablos-waist-alpha-plus', 'marathon-runner'),
(2, 'diablos-legs-alpha-plus', 'slugger'),
(2, 'diablos-legs-alpha-plus', 'tremor-resistance'),
(2, 'diablos-head-beta-plus', 'critical-draw'),
(1, 'diablos-body-beta-plus', 'heroics'),
(2, 'diablos-body-beta-plus', 'slugger'),
(1, 'diablos-arms-beta-plus', 'tremor-resistance'),
(2, 'diablos-arms-beta-plus', 'heroics'),
(2, 'diablos-waist-beta-plus', 'marathon-runner'),
(1, 'diablos-legs-beta-plus', 'slugger'),
(2, 'diablos-legs-beta-plus', 'tremor-resistance'),
(1, 'black-diablos-head-alpha-plus', 'resentment'); 
INSERT INTO "PUBLIC"."ARMOR_PIECE_SKILL" VALUES
(2, 'black-diablos-head-alpha-plus', 'partbreaker'),
(1, 'black-diablos-body-alpha-plus', 'marathon-runner'),
(2, 'black-diablos-body-alpha-plus', 'resentment'),
(1, 'black-diablos-arms-alpha-plus', 'marathon-runner'),
(2, 'black-diablos-arms-alpha-plus', 'slugger'),
(1, 'black-diablos-waist-alpha-plus', 'partbreaker'),
(2, 'black-diablos-waist-alpha-plus', 'slugger'),
(1, 'black-diablos-legs-alpha-plus', 'slugger'),
(2, 'black-diablos-legs-alpha-plus', 'resentment'),
(2, 'black-diablos-head-beta-plus', 'partbreaker'),
(1, 'black-diablos-body-beta-plus', 'marathon-runner'),
(1, 'black-diablos-body-beta-plus', 'resentment'),
(1, 'black-diablos-arms-beta-plus', 'marathon-runner'),
(1, 'black-diablos-arms-beta-plus', 'slugger'),
(2, 'black-diablos-waist-beta-plus', 'slugger'),
(2, 'black-diablos-legs-beta-plus', 'resentment'),
(1, 'dober-head-alpha-plus', 'stamina-surge'),
(2, 'dober-head-alpha-plus', 'free-elem-ammo-up'),
(1, 'dober-body-alpha-plus', 'effluvia-resistance'),
(2, 'dober-body-alpha-plus', 'attack-boost'),
(1, 'dober-arms-alpha-plus', 'mushroomancer'),
(2, 'dober-arms-alpha-plus', 'stamina-surge'),
(2, 'dober-waist-alpha-plus', 'attack-boost'),
(2, 'dober-waist-alpha-plus', 'stun-resistance'),
(2, 'dober-legs-alpha-plus', 'attack-boost'),
(2, 'dober-legs-alpha-plus', 'mushroomancer'),
(2, 'dober-head-beta-plus', 'free-elem-ammo-up'),
(1, 'dober-body-beta-plus', 'attack-boost'),
(1, 'dober-body-beta-plus', 'effluvia-resistance'),
(1, 'dober-arms-beta-plus', 'mushroomancer'),
(2, 'dober-arms-beta-plus', 'stamina-surge'),
(1, 'dober-waist-beta-plus', 'attack-boost'),
(1, 'dober-waist-beta-plus', 'stun-resistance'),
(1, 'dober-legs-beta-plus', 'attack-boost'),
(1, 'dober-legs-beta-plus', 'mushroomancer'),
(1, 'dodogama-head-alpha-plus', 'bombardier'),
(2, 'dodogama-head-alpha-plus', 'blast-resistance'),
(1, 'dodogama-body-alpha-plus', 'artillery'),
(2, 'dodogama-body-alpha-plus', 'blast-attack'),
(1, 'dodogama-arms-alpha-plus', 'blast-attack'),
(2, 'dodogama-arms-alpha-plus', 'bombardier'),
(1, 'dodogama-waist-alpha-plus', 'blast-resistance'),
(2, 'dodogama-waist-alpha-plus', 'artillery'),
(1, 'dodogama-legs-alpha-plus', 'blast-attack'),
(1, 'dodogama-legs-alpha-plus', 'capacity-boost'),
(2, 'dodogama-head-beta-plus', 'blast-resistance'),
(2, 'dodogama-body-beta-plus', 'blast-attack'),
(1, 'dodogama-arms-beta-plus', 'blast-attack'),
(1, 'dodogama-arms-beta-plus', 'bombardier'),
(2, 'dodogama-waist-beta-plus', 'artillery'),
(1, 'dodogama-legs-beta-plus', 'capacity-boost'),
(1, 'fulgur-anjanath-head-alpha-plus', 'weakness-exploit'),
(1, 'fulgur-anjanath-body-alpha-plus', 'flinch-free'),
(2, 'fulgur-anjanath-body-alpha-plus', 'stun-resistance'),
(2, 'fulgur-anjanath-arms-alpha-plus', 'item-prolonger'),
(1, 'fulgur-anjanath-waist-alpha-plus', 'item-prolonger'),
(2, 'fulgur-anjanath-waist-alpha-plus', 'weakness-exploit'),
(2, 'fulgur-anjanath-legs-alpha-plus', 'thunder-attack'),
(1, 'fulgur-anjanath-head-beta-plus', 'weakness-exploit'),
(1, 'fulgur-anjanath-body-beta-plus', 'flinch-free'),
(1, 'fulgur-anjanath-body-beta-plus', 'stun-resistance'),
(2, 'fulgur-anjanath-arms-beta-plus', 'item-prolonger'),
(1, 'fulgur-anjanath-waist-beta-plus', 'item-prolonger'),
(1, 'fulgur-anjanath-waist-beta-plus', 'weakness-exploit'),
(2, 'fulgur-anjanath-legs-beta-plus', 'thunder-attack'),
(1, 'fulgur-anjanath-head-alpha-plus', 'resuscitate'),
(2, 'fulgur-anjanath-arms-alpha-plus', 'thunder-attack'),
(1, 'fulgur-anjanath-legs-alpha-plus', 'special-ammo-boost'),
(1, 'glavenus-head-alpha-plus', 'handicraft'),
(2, 'glavenus-head-alpha-plus', 'focus'),
(1, 'glavenus-body-alpha-plus', 'maximum-might'),
(2, 'glavenus-body-alpha-plus', 'power-prolonger'),
(1, 'glavenus-arms-alpha-plus', 'focus'),
(2, 'glavenus-arms-alpha-plus', 'maximum-might'),
(1, 'glavenus-waist-alpha-plus', 'normal-shots'),
(2, 'glavenus-waist-alpha-plus', 'maximum-might'),
(1, 'glavenus-legs-alpha-plus', 'heat-guard'),
(2, 'glavenus-legs-alpha-plus', 'handicraft'),
(1, 'glavenus-head-beta-plus', 'focus'),
(1, 'glavenus-head-beta-plus', 'handicraft');   
INSERT INTO "PUBLIC"."ARMOR_PIECE_SKILL" VALUES
(1, 'glavenus-body-beta-plus', 'maximum-might'),
(1, 'glavenus-body-beta-plus', 'power-prolonger'),
(1, 'glavenus-arms-beta-plus', 'focus'),
(1, 'glavenus-arms-beta-plus', 'maximum-might'),
(2, 'glavenus-waist-beta-plus', 'maximum-might'),
(2, 'glavenus-legs-beta-plus', 'handicraft'),
(2, 'high-metal-head-alpha-plus', 'earplugs'),
(2, 'high-metal-head-alpha-plus', 'ice-resistance'),
(1, 'high-metal-body-alpha-plus', 'ice-attack'),
(2, 'high-metal-body-alpha-plus', 'earplugs'),
(2, 'high-metal-arms-alpha-plus', 'defense-boost'),
(2, 'high-metal-arms-alpha-plus', 'ice-attack'),
(1, 'high-metal-waist-alpha-plus', 'capacity-boost'),
(2, 'high-metal-waist-alpha-plus', 'defense-boost'),
(1, 'high-metal-legs-alpha-plus', 'ice-resistance'),
(2, 'high-metal-legs-alpha-plus', 'heavy-artillery'),
(1, 'high-metal-head-beta-plus', 'earplugs'),
(2, 'high-metal-head-beta-plus', 'ice-resistance'),
(1, 'high-metal-body-beta-plus', 'earplugs'),
(1, 'high-metal-body-beta-plus', 'ice-attack'),
(1, 'high-metal-arms-beta-plus', 'ice-attack'),
(2, 'high-metal-arms-beta-plus', 'defense-boost'),
(1, 'high-metal-waist-beta-plus', 'capacity-boost'),
(1, 'high-metal-waist-beta-plus', 'defense-boost'),
(1, 'high-metal-legs-beta-plus', 'heavy-artillery'),
(1, 'high-metal-legs-beta-plus', 'ice-resistance'),
(1, 'ingot-head-alpha-plus', 'windproof'),
(2, 'ingot-head-alpha-plus', 'thunder-attack'),
(1, 'ingot-body-alpha-plus', 'free-elem-ammo-up'),
(2, 'ingot-body-alpha-plus', 'thunder-resistance'),
(2, 'ingot-arms-alpha-plus', 'health-boost'),
(2, 'ingot-arms-alpha-plus', 'thunder-attack'),
(1, 'ingot-waist-alpha-plus', 'free-elem-ammo-up'),
(2, 'ingot-waist-alpha-plus', 'windproof'),
(1, 'ingot-legs-alpha-plus', 'free-elem-ammo-up'),
(2, 'ingot-legs-alpha-plus', 'defense-boost'),
(2, 'ingot-head-beta-plus', 'thunder-attack'),
(1, 'ingot-body-beta-plus', 'free-elem-ammo-up'),
(1, 'ingot-body-beta-plus', 'thunder-resistance'),
(1, 'ingot-arms-beta-plus', 'thunder-attack'),
(2, 'ingot-arms-beta-plus', 'health-boost'),
(1, 'ingot-waist-beta-plus', 'free-elem-ammo-up'),
(1, 'ingot-waist-beta-plus', 'windproof'),
(1, 'ingot-legs-beta-plus', 'defense-boost'),
(1, 'ingot-legs-beta-plus', 'free-elem-ammo-up'),
(1, 'jyuratodus-head-alpha-plus', 'focus'),
(2, 'jyuratodus-head-alpha-plus', 'latent-power'),
(1, 'jyuratodus-body-alpha-plus', 'latent-power'),
(2, 'jyuratodus-body-alpha-plus', 'water-attack'),
(1, 'jyuratodus-arms-alpha-plus', 'ice-resistance'),
(2, 'jyuratodus-arms-alpha-plus', 'water-attack'),
(1, 'jyuratodus-waist-alpha-plus', 'latent-power'),
(2, 'jyuratodus-waist-alpha-plus', 'ice-resistance'),
(1, 'jyuratodus-legs-alpha-plus', 'water-attack'),
(2, 'jyuratodus-legs-alpha-plus', 'focus'),
(1, 'jyuratodus-head-beta-plus', 'focus'),
(1, 'jyuratodus-head-beta-plus', 'latent-power'),
(1, 'jyuratodus-body-beta-plus', 'latent-power'),
(1, 'jyuratodus-body-beta-plus', 'water-attack'),
(2, 'jyuratodus-arms-beta-plus', 'water-attack'),
(2, 'jyuratodus-waist-beta-plus', 'ice-resistance'),
(1, 'jyuratodus-legs-beta-plus', 'focus'),
(1, 'jyuratodus-legs-beta-plus', 'water-attack'),
(1, 'tobi-kadachi-head-alpha-plus', 'evade-extender'),
(2, 'tobi-kadachi-head-alpha-plus', 'constitution'),
(1, 'tobi-kadachi-body-alpha-plus', 'constitution'),
(1, 'tobi-kadachi-body-alpha-plus', 'jump-master'),
(2, 'tobi-kadachi-arms-alpha-plus', 'thunder-attack'),
(2, 'tobi-kadachi-arms-alpha-plus', 'evade-extender'),
(1, 'tobi-kadachi-waist-alpha-plus', 'thunder-resistance'),
(2, 'tobi-kadachi-waist-alpha-plus', 'thunder-attack'),
(1, 'tobi-kadachi-legs-alpha-plus', 'constitution'),
(2, 'tobi-kadachi-legs-alpha-plus', 'thunder-resistance'),
(1, 'tobi-kadachi-head-beta-plus', 'constitution'),
(1, 'tobi-kadachi-head-beta-plus', 'evade-extender'),
(1, 'tobi-kadachi-body-beta-plus', 'jump-master'),
(1, 'tobi-kadachi-arms-beta-plus', 'evade-extender'),
(2, 'tobi-kadachi-arms-beta-plus', 'thunder-attack'),
(2, 'tobi-kadachi-waist-beta-plus', 'thunder-attack'),
(2, 'tobi-kadachi-legs-beta-plus', 'thunder-resistance'),
(2, 'kirin-head-alpha-plus', 'divine-blessing'); 
INSERT INTO "PUBLIC"."ARMOR_PIECE_SKILL" VALUES
(2, 'kirin-head-alpha-plus', 'marathon-runner'),
(1, 'kirin-body-alpha-plus', 'divine-blessing'),
(3, 'kirin-body-alpha-plus', 'critical-eye'),
(1, 'kirin-arms-alpha-plus', 'marathon-runner'),
(3, 'kirin-arms-alpha-plus', 'thunder-attack'),
(1, 'kirin-waist-alpha-plus', 'free-elem-ammo-up'),
(2, 'kirin-waist-alpha-plus', 'blight-resistance'),
(2, 'kirin-legs-alpha-plus', 'critical-eye'),
(2, 'kirin-legs-alpha-plus', 'free-elem-ammo-up'),
(2, 'kirin-head-beta-plus', 'marathon-runner'),
(1, 'kirin-body-beta-plus', 'divine-blessing'),
(2, 'kirin-body-beta-plus', 'critical-eye'),
(3, 'kirin-arms-beta-plus', 'thunder-attack'),
(2, 'kirin-waist-beta-plus', 'blight-resistance'),
(2, 'kirin-legs-beta-plus', 'free-elem-ammo-up'),
(1, 'kulu-ya-ku-head-alpha-plus', 'critical-boost'),
(2, 'kulu-ya-ku-head-alpha-plus', 'slinger-capacity'),
(1, 'kulu-ya-ku-body-alpha-plus', 'stamina-surge'),
(2, 'kulu-ya-ku-body-alpha-plus', 'critical-eye'),
(1, 'kulu-ya-ku-arms-alpha-plus', 'critical-boost'),
(1, 'kulu-ya-ku-arms-alpha-plus', 'pro-transporter'),
(1, 'kulu-ya-ku-waist-alpha-plus', 'critical-eye'),
(2, 'kulu-ya-ku-waist-alpha-plus', 'item-prolonger'),
(2, 'kulu-ya-ku-legs-alpha-plus', 'critical-eye'),
(1, 'kulu-ya-ku-legs-alpha-plus', 'item-prolonger'),
(2, 'kulu-ya-ku-head-beta-plus', 'slinger-capacity'),
(1, 'kulu-ya-ku-body-beta-plus', 'critical-eye'),
(1, 'kulu-ya-ku-body-beta-plus', 'stamina-surge'),
(1, 'kulu-ya-ku-arms-beta-plus', 'critical-boost'),
(2, 'kulu-ya-ku-waist-beta-plus', 'item-prolonger'),
(1, 'kulu-ya-ku-legs-beta-plus', 'critical-eye'),
(1, 'kulu-ya-ku-legs-beta-plus', 'item-prolonger'),
(2, 'kushala-daora-head-alpha-plus', 'evade-window'),
(2, 'kushala-daora-head-alpha-plus', 'ice-attack'),
(3, 'kushala-daora-body-alpha-plus', 'handicraft'),
(3, 'kushala-daora-arms-alpha-plus', 'evade-window'),
(1, 'kushala-daora-waist-alpha-plus', 'evade-extender'),
(3, 'kushala-daora-waist-alpha-plus', 'ice-attack'),
(2, 'kushala-daora-legs-alpha-plus', 'evade-extender'),
(2, 'kushala-daora-legs-alpha-plus', 'handicraft'),
(1, 'kushala-daora-head-beta-plus', 'evade-window'),
(2, 'kushala-daora-head-beta-plus', 'ice-attack'),
(2, 'kushala-daora-body-beta-plus', 'handicraft'),
(2, 'kushala-daora-arms-beta-plus', 'evade-window'),
(3, 'kushala-daora-waist-beta-plus', 'ice-attack'),
(2, 'kushala-daora-legs-beta-plus', 'evade-extender'),
(1, 'lavasioth-head-alpha-plus', 'quick-sheath'),
(2, 'lavasioth-head-alpha-plus', 'fire-attack'),
(1, 'lavasioth-body-alpha-plus', 'heat-guard'),
(3, 'lavasioth-body-alpha-plus', 'fire-attack'),
(1, 'lavasioth-arms-alpha-plus', 'recovery-up'),
(2, 'lavasioth-arms-alpha-plus', 'peak-performance'),
(2, 'lavasioth-waist-alpha-plus', 'quick-sheath'),
(2, 'lavasioth-waist-alpha-plus', 'recovery-up'),
(1, 'lavasioth-legs-alpha-plus', 'spread-power-shots'),
(2, 'lavasioth-legs-alpha-plus', 'fire-attack'),
(1, 'lavasioth-head-beta-plus', 'fire-attack'),
(1, 'lavasioth-head-beta-plus', 'quick-sheath'),
(1, 'lavasioth-body-beta-plus', 'heat-guard'),
(2, 'lavasioth-body-beta-plus', 'fire-attack'),
(1, 'lavasioth-arms-beta-plus', 'peak-performance'),
(1, 'lavasioth-arms-beta-plus', 'recovery-up'),
(1, 'lavasioth-waist-beta-plus', 'recovery-up'),
(2, 'lavasioth-waist-beta-plus', 'quick-sheath'),
(1, 'lavasioth-legs-beta-plus', 'fire-attack'),
(1, 'lavasioth-legs-beta-plus', 'spread-power-shots'),
(2, 'legiana-head-alpha-plus', 'divine-blessing'),
(2, 'legiana-head-alpha-plus', 'ice-attack'),
(2, 'legiana-body-alpha-plus', 'divine-blessing'),
(2, 'legiana-body-alpha-plus', 'evade-window'),
(1, 'legiana-arms-alpha-plus', 'airborne'),
(2, 'legiana-arms-alpha-plus', 'evade-window'),
(2, 'legiana-waist-alpha-plus', 'ice-attack'),
(2, 'legiana-waist-alpha-plus', 'windproof'),
(1, 'legiana-legs-alpha-plus', 'critical-draw'),
(2, 'legiana-legs-alpha-plus', 'ice-resistance'),
(2, 'legiana-head-beta-plus', 'divine-blessing'),
(1, 'legiana-body-beta-plus', 'divine-blessing'),
(2, 'legiana-body-beta-plus', 'evade-window'),
(1, 'legiana-arms-beta-plus', 'airborne'),
(1, 'legiana-arms-beta-plus', 'evade-window');             
INSERT INTO "PUBLIC"."ARMOR_PIECE_SKILL" VALUES
(1, 'legiana-waist-beta-plus', 'windproof'),
(2, 'legiana-waist-beta-plus', 'ice-attack'),
(2, 'legiana-legs-beta-plus', 'ice-resistance'),
(1, 'paolumu-head-alpha-plus', 'windproof'),
(2, 'paolumu-head-alpha-plus', 'stamina-surge'),
(1, 'paolumu-body-alpha-plus', 'artillery'),
(1, 'paolumu-body-alpha-plus', 'master-mounter'),
(1, 'paolumu-arms-alpha-plus', 'windproof'),
(2, 'paolumu-arms-alpha-plus', 'artillery'),
(1, 'paolumu-waist-alpha-plus', 'windproof'),
(2, 'paolumu-waist-alpha-plus', 'divine-blessing'),
(1, 'paolumu-legs-alpha-plus', 'stamina-surge'),
(2, 'paolumu-legs-alpha-plus', 'windproof'),
(2, 'paolumu-head-beta-plus', 'stamina-surge'),
(1, 'paolumu-body-beta-plus', 'master-mounter'),
(1, 'paolumu-arms-beta-plus', 'artillery'),
(1, 'paolumu-arms-beta-plus', 'windproof'),
(1, 'paolumu-waist-beta-plus', 'divine-blessing'),
(1, 'paolumu-waist-beta-plus', 'windproof'),
(2, 'paolumu-legs-beta-plus', 'windproof'),
(1, 'nightshade-paolumu-head-alpha-plus', 'weakness-exploit'),
(1, 'nightshade-paolumu-head-alpha-plus', 'wide-range'),
(1, 'nightshade-paolumu-body-alpha-plus', 'maximum-might'),
(2, 'nightshade-paolumu-body-alpha-plus', 'wide-range'),
(1, 'nightshade-paolumu-arms-alpha-plus', 'maximum-might'),
(1, 'nightshade-paolumu-arms-alpha-plus', 'sleep-attack'),
(1, 'nightshade-paolumu-waist-alpha-plus', 'wide-range'),
(2, 'nightshade-paolumu-waist-alpha-plus', 'sleep-attack'),
(1, 'nightshade-paolumu-legs-alpha-plus', 'wide-range'),
(2, 'nightshade-paolumu-legs-alpha-plus', 'sleep-resistance'),
(1, 'nightshade-paolumu-head-beta-plus', 'weakness-exploit'),
(2, 'nightshade-paolumu-body-beta-plus', 'wide-range'),
(1, 'nightshade-paolumu-arms-beta-plus', 'maximum-might'),
(2, 'nightshade-paolumu-waist-beta-plus', 'sleep-attack'),
(2, 'nightshade-paolumu-legs-beta-plus', 'sleep-resistance'),
(2, 'lunastra-head-alpha-plus', 'offensive-guard'),
(2, 'lunastra-head-alpha-plus', 'tool-specialist'),
(2, 'lunastra-body-alpha-plus', 'peak-performance'),
(2, 'lunastra-body-alpha-plus', 'wide-range'),
(2, 'lunastra-arms-alpha-plus', 'blast-attack'),
(2, 'lunastra-arms-alpha-plus', 'tool-specialist'),
(2, 'lunastra-waist-alpha-plus', 'blast-attack'),
(2, 'lunastra-waist-alpha-plus', 'health-boost'),
(1, 'lunastra-legs-alpha-plus', 'tool-specialist'),
(3, 'lunastra-legs-alpha-plus', 'wide-range'),
(2, 'lunastra-head-beta-plus', 'tool-specialist'),
(1, 'lunastra-body-beta-plus', 'peak-performance'),
(2, 'lunastra-body-beta-plus', 'wide-range'),
(1, 'lunastra-arms-beta-plus', 'blast-attack'),
(2, 'lunastra-arms-beta-plus', 'tool-specialist'),
(2, 'lunastra-waist-beta-plus', 'health-boost'),
(1, 'lunastra-legs-beta-plus', 'tool-specialist'),
(2, 'lunastra-legs-beta-plus', 'wide-range'),
(1, 'namielle-head-alpha-plus', 'maximum-might'),
(3, 'namielle-head-alpha-plus', 'constitution'),
(1, 'namielle-body-alpha-plus', 'tool-specialist'),
(2, 'namielle-body-alpha-plus', 'blight-resistance'),
(1, 'namielle-arms-alpha-plus', 'maximum-might'),
(2, 'namielle-arms-alpha-plus', 'tool-specialist'),
(1, 'namielle-waist-alpha-plus', 'stamina-surge'),
(2, 'namielle-waist-alpha-plus', 'constitution'),
(1, 'namielle-legs-alpha-plus', 'blight-resistance'),
(2, 'namielle-legs-alpha-plus', 'stamina-surge'),
(1, 'namielle-head-beta-plus', 'constitution'),
(1, 'namielle-head-beta-plus', 'maximum-might'),
(1, 'namielle-body-beta-plus', 'blight-resistance'),
(1, 'namielle-body-beta-plus', 'tool-specialist'),
(2, 'namielle-arms-beta-plus', 'tool-specialist'),
(1, 'namielle-waist-beta-plus', 'constitution'),
(1, 'namielle-waist-beta-plus', 'stamina-surge'),
(2, 'namielle-legs-beta-plus', 'stamina-surge'),
(1, 'nargacuga-head-alpha-plus', 'piercing-shots'),
(2, 'nargacuga-head-alpha-plus', 'peak-performance'),
(1, 'nargacuga-body-alpha-plus', 'speed-crawler'),
(2, 'nargacuga-body-alpha-plus', 'evade-window'),
(2, 'nargacuga-arms-alpha-plus', 'stamina-surge'),
(2, 'nargacuga-arms-alpha-plus', 'stealth'),
(1, 'nargacuga-waist-alpha-plus', 'stamina-surge'),
(2, 'nargacuga-waist-alpha-plus', 'evade-window'),
(1, 'nargacuga-legs-alpha-plus', 'evade-window');  
INSERT INTO "PUBLIC"."ARMOR_PIECE_SKILL" VALUES
(1, 'nargacuga-legs-alpha-plus', 'peak-performance'),
(1, 'nargacuga-head-beta-plus', 'peak-performance'),
(1, 'nargacuga-head-beta-plus', 'piercing-shots'),
(2, 'nargacuga-body-beta-plus', 'evade-window'),
(2, 'nargacuga-arms-beta-plus', 'stamina-surge'),
(1, 'nargacuga-waist-beta-plus', 'evade-window'),
(1, 'nargacuga-waist-beta-plus', 'stamina-surge'),
(1, 'nargacuga-legs-beta-plus', 'evade-window'),
(2, 'odogaron-head-alpha-plus', 'bleeding-resistance'),
(2, 'odogaron-head-alpha-plus', 'critical-eye'),
(1, 'odogaron-body-alpha-plus', 'bleeding-resistance'),
(2, 'odogaron-body-alpha-plus', 'speed-sharpening'),
(1, 'odogaron-arms-alpha-plus', 'critical-eye'),
(2, 'odogaron-arms-alpha-plus', 'constitution'),
(1, 'odogaron-waist-alpha-plus', 'speed-sharpening'),
(3, 'odogaron-waist-alpha-plus', 'critical-eye'),
(1, 'odogaron-legs-alpha-plus', 'critical-eye'),
(2, 'odogaron-legs-alpha-plus', 'quick-sheath'),
(1, 'odogaron-head-beta-plus', 'critical-eye'),
(2, 'odogaron-head-beta-plus', 'bleeding-resistance'),
(2, 'odogaron-body-beta-plus', 'speed-sharpening'),
(1, 'odogaron-arms-beta-plus', 'constitution'),
(1, 'odogaron-arms-beta-plus', 'critical-eye'),
(2, 'odogaron-waist-beta-plus', 'critical-eye'),
(1, 'odogaron-legs-beta-plus', 'critical-eye'),
(1, 'odogaron-legs-beta-plus', 'quick-sheath'),
(1, 'pukei-pukei-head-alpha-plus', 'poison-resistance'),
(2, 'pukei-pukei-head-alpha-plus', 'survival-expert'),
(1, 'pukei-pukei-body-alpha-plus', 'peak-performance'),
(2, 'pukei-pukei-body-alpha-plus', 'item-prolonger'),
(1, 'pukei-pukei-arms-alpha-plus', 'survival-expert'),
(2, 'pukei-pukei-arms-alpha-plus', 'peak-performance'),
(1, 'pukei-pukei-waist-alpha-plus', 'item-prolonger'),
(2, 'pukei-pukei-waist-alpha-plus', 'poison-attack'),
(2, 'pukei-pukei-legs-alpha-plus', 'poison-attack'),
(2, 'pukei-pukei-legs-alpha-plus', 'poison-resistance'),
(2, 'pukei-pukei-head-beta-plus', 'survival-expert'),
(1, 'pukei-pukei-body-beta-plus', 'item-prolonger'),
(1, 'pukei-pukei-body-beta-plus', 'peak-performance'),
(1, 'pukei-pukei-arms-beta-plus', 'peak-performance'),
(1, 'pukei-pukei-arms-beta-plus', 'survival-expert'),
(1, 'pukei-pukei-waist-beta-plus', 'item-prolonger'),
(1, 'pukei-pukei-waist-beta-plus', 'poison-attack'),
(2, 'pukei-pukei-legs-beta-plus', 'poison-resistance'),
(1, 'pink-rathian-head-alpha-plus', 'cliffhanger'),
(2, 'pink-rathian-head-alpha-plus', 'evade-extender'),
(1, 'pink-rathian-body-alpha-plus', 'handicraft'),
(2, 'pink-rathian-body-alpha-plus', 'tool-specialist'),
(1, 'pink-rathian-arms-alpha-plus', 'handicraft'),
(2, 'pink-rathian-arms-alpha-plus', 'windproof'),
(1, 'pink-rathian-waist-alpha-plus', 'handicraft'),
(2, 'pink-rathian-waist-alpha-plus', 'poison-resistance'),
(1, 'pink-rathian-legs-alpha-plus', 'windproof'),
(2, 'pink-rathian-legs-alpha-plus', 'tool-specialist'),
(2, 'pink-rathian-head-beta-plus', 'evade-extender'),
(2, 'pink-rathian-body-beta-plus', 'tool-specialist'),
(2, 'pink-rathian-arms-beta-plus', 'windproof'),
(1, 'pink-rathian-waist-beta-plus', 'handicraft'),
(1, 'pink-rathian-waist-beta-plus', 'poison-resistance'),
(1, 'pink-rathian-legs-beta-plus', 'tool-specialist'),
(1, 'azure-rathalos-head-alpha-plus', 'cliffhanger'),
(1, 'azure-rathalos-head-alpha-plus', 'critical-boost'),
(1, 'azure-rathalos-body-alpha-plus', 'free-elem-ammo-up'),
(1, 'azure-rathalos-body-alpha-plus', 'partbreaker'),
(1, 'azure-rathalos-arms-alpha-plus', 'windproof'),
(2, 'azure-rathalos-arms-alpha-plus', 'partbreaker'),
(1, 'azure-rathalos-waist-alpha-plus', 'piercing-shots'),
(2, 'azure-rathalos-waist-alpha-plus', 'windproof'),
(1, 'azure-rathalos-legs-alpha-plus', 'critical-boost'),
(2, 'azure-rathalos-legs-alpha-plus', 'windproof'),
(1, 'azure-rathalos-head-beta-plus', 'critical-boost'),
(1, 'azure-rathalos-body-beta-plus', 'free-elem-ammo-up'),
(1, 'azure-rathalos-arms-beta-plus', 'partbreaker'),
(1, 'azure-rathalos-arms-beta-plus', 'windproof'),
(2, 'azure-rathalos-waist-beta-plus', 'windproof'),
(1, 'azure-rathalos-legs-beta-plus', 'critical-boost'),
(1, 'azure-rathalos-legs-beta-plus', 'windproof');          
INSERT INTO "PUBLIC"."ARMOR_PIECE_SKILL" VALUES
(2, 'rathalos-head-alpha-plus', 'attack-boost'),
(2, 'rathalos-head-alpha-plus', 'fire-attack'),
(1, 'rathalos-body-alpha-plus', 'fire-attack'),
(2, 'rathalos-body-alpha-plus', 'weakness-exploit'),
(1, 'rathalos-arms-alpha-plus', 'jump-master'),
(1, 'rathalos-arms-alpha-plus', 'weakness-exploit'),
(2, 'rathalos-waist-alpha-plus', 'fire-attack'),
(2, 'rathalos-waist-alpha-plus', 'focus'),
(2, 'rathalos-legs-alpha-plus', 'attack-boost'),
(2, 'rathalos-legs-alpha-plus', 'slinger-capacity'),
(2, 'rathalos-head-beta-plus', 'attack-boost'),
(2, 'rathalos-body-beta-plus', 'weakness-exploit'),
(1, 'rathalos-arms-beta-plus', 'jump-master'),
(2, 'rathalos-waist-beta-plus', 'fire-attack'),
(1, 'rathalos-legs-beta-plus', 'attack-boost'),
(2, 'rathalos-legs-beta-plus', 'slinger-capacity'),
(1, 'rathian-head-alpha-plus', 'poison-attack'),
(2, 'rathian-head-alpha-plus', 'health-boost'),
(1, 'rathian-body-alpha-plus', 'recovery-up'),
(2, 'rathian-body-alpha-plus', 'botanist'),
(1, 'rathian-arms-alpha-plus', 'botanist'),
(2, 'rathian-arms-alpha-plus', 'poison-attack'),
(1, 'rathian-waist-alpha-plus', 'health-boost'),
(2, 'rathian-waist-alpha-plus', 'poison-resistance'),
(1, 'rathian-legs-alpha-plus', 'poison-resistance'),
(2, 'rathian-legs-alpha-plus', 'recovery-up'),
(1, 'rathian-head-beta-plus', 'health-boost'),
(1, 'rathian-head-beta-plus', 'poison-attack'),
(1, 'rathian-body-beta-plus', 'botanist'),
(1, 'rathian-body-beta-plus', 'recovery-up'),
(2, 'rathian-arms-beta-plus', 'poison-attack'),
(1, 'rathian-waist-beta-plus', 'health-boost'),
(1, 'rathian-waist-beta-plus', 'poison-resistance'),
(2, 'rathian-legs-beta-plus', 'recovery-up'),
(1, 'deviljho-head-alpha-plus', 'partbreaker'),
(2, 'deviljho-head-alpha-plus', 'handicraft'),
(1, 'deviljho-body-alpha-plus', 'speed-eating'),
(2, 'deviljho-body-alpha-plus', 'handicraft'),
(1, 'deviljho-arms-alpha-plus', 'partbreaker'),
(2, 'deviljho-arms-alpha-plus', 'stamina-thief'),
(1, 'deviljho-waist-alpha-plus', 'health-boost'),
(2, 'deviljho-waist-alpha-plus', 'stamina-thief'),
(1, 'deviljho-legs-alpha-plus', 'speed-eating'),
(2, 'deviljho-legs-alpha-plus', 'stamina-thief'),
(1, 'deviljho-head-beta-plus', 'partbreaker'),
(1, 'deviljho-body-beta-plus', 'speed-eating'),
(2, 'deviljho-arms-beta-plus', 'stamina-thief'),
(2, 'deviljho-waist-beta-plus', 'stamina-thief'),
(1, 'deviljho-legs-beta-plus', 'speed-eating'),
(1, 'deviljho-legs-beta-plus', 'stamina-thief'),
(2, 'seething-bazelgeuse-head-alpha-plus', 'blast-attack'),
(2, 'seething-bazelgeuse-head-alpha-plus', 'earplugs'),
(2, 'seething-bazelgeuse-body-alpha-plus', 'blast-resistance'),
(2, 'seething-bazelgeuse-body-alpha-plus', 'guard'),
(1, 'seething-bazelgeuse-arms-alpha-plus', 'earplugs'),
(2, 'seething-bazelgeuse-arms-alpha-plus', 'critical-draw'),
(1, 'seething-bazelgeuse-waist-alpha-plus', 'critical-draw'),
(2, 'seething-bazelgeuse-waist-alpha-plus', 'bombardier'),
(1, 'seething-bazelgeuse-legs-alpha-plus', 'jump-master'),
(2, 'seething-bazelgeuse-legs-alpha-plus', 'earplugs'),
(1, 'seething-bazelgeuse-head-beta-plus', 'blast-attack'),
(2, 'seething-bazelgeuse-head-beta-plus', 'earplugs'),
(2, 'seething-bazelgeuse-body-beta-plus', 'guard'),
(2, 'seething-bazelgeuse-arms-beta-plus', 'critical-draw'),
(2, 'seething-bazelgeuse-waist-beta-plus', 'bombardier'),
(1, 'seething-bazelgeuse-legs-beta-plus', 'earplugs'),
(1, 'seething-bazelgeuse-legs-beta-plus', 'jump-master'),
(2, 'shara-ishvalda-head-alpha-plus', 'recovery-up'),
(1, 'shara-ishvalda-body-alpha-plus', 'health-boost'),
(2, 'shara-ishvalda-body-alpha-plus', 'coalescence'),
(1, 'shara-ishvalda-arms-alpha-plus', 'coalescence'),
(2, 'shara-ishvalda-arms-alpha-plus', 'critical-boost'),
(1, 'shara-ishvalda-waist-alpha-plus', 'recovery-up'),
(2, 'shara-ishvalda-waist-alpha-plus', 'health-boost'),
(2, 'shara-ishvalda-legs-alpha-plus', 'defense-boost'),
(2, 'shara-ishvalda-legs-alpha-plus', 'partbreaker'),
(2, 'shara-ishvalda-head-beta-plus', 'recovery-up'),
(2, 'shara-ishvalda-body-beta-plus', 'coalescence'),
(2, 'shara-ishvalda-arms-beta-plus', 'critical-boost');         
INSERT INTO "PUBLIC"."ARMOR_PIECE_SKILL" VALUES
(2, 'shara-ishvalda-waist-beta-plus', 'health-boost'),
(1, 'shara-ishvalda-legs-beta-plus', 'defense-boost'),
(1, 'shara-ishvalda-legs-beta-plus', 'partbreaker'),
(1, 'shrieking-legiana-head-alpha-plus', 'evade-extender'),
(2, 'shrieking-legiana-head-alpha-plus', 'hunger-resistance'),
(1, 'shrieking-legiana-body-alpha-plus', 'marathon-runner'),
(2, 'shrieking-legiana-body-alpha-plus', 'focus'),
(1, 'shrieking-legiana-arms-alpha-plus', 'hunger-resistance'),
(2, 'shrieking-legiana-arms-alpha-plus', 'critical-draw'),
(1, 'shrieking-legiana-waist-alpha-plus', 'focus'),
(2, 'shrieking-legiana-waist-alpha-plus', 'evade-extender'),
(1, 'shrieking-legiana-legs-alpha-plus', 'spread-power-shots'),
(2, 'shrieking-legiana-legs-alpha-plus', 'marathon-runner'),
(2, 'shrieking-legiana-head-beta-plus', 'hunger-resistance'),
(2, 'shrieking-legiana-body-beta-plus', 'focus'),
(2, 'shrieking-legiana-arms-beta-plus', 'critical-draw'),
(2, 'shrieking-legiana-waist-beta-plus', 'evade-extender'),
(2, 'shrieking-legiana-legs-beta-plus', 'marathon-runner'),
(2, 'teostra-head-alpha-plus', 'critical-eye'),
(2, 'teostra-head-alpha-plus', 'latent-power'),
(1, 'teostra-body-alpha-plus', 'latent-power'),
(2, 'teostra-body-alpha-plus', 'special-ammo-boost'),
(1, 'teostra-arms-alpha-plus', 'heat-guard'),
(2, 'teostra-arms-alpha-plus', 'weakness-exploit'),
(1, 'teostra-waist-alpha-plus', 'weakness-exploit'),
(2, 'teostra-waist-alpha-plus', 'blast-attack'),
(2, 'teostra-legs-alpha-plus', 'blast-attack'),
(2, 'teostra-legs-alpha-plus', 'latent-power'),
(1, 'teostra-head-beta-plus', 'latent-power'),
(2, 'teostra-head-beta-plus', 'critical-eye'),
(1, 'teostra-body-beta-plus', 'latent-power'),
(1, 'teostra-arms-beta-plus', 'heat-guard'),
(1, 'teostra-arms-beta-plus', 'weakness-exploit'),
(2, 'teostra-waist-beta-plus', 'blast-attack'),
(1, 'teostra-legs-beta-plus', 'blast-attack'),
(2, 'teostra-legs-beta-plus', 'latent-power'),
(2, 'tigrex-head-alpha-plus', 'attack-boost'),
(2, 'tigrex-head-alpha-plus', 'earplugs'),
(1, 'tigrex-body-alpha-plus', 'free-meal'),
(2, 'tigrex-body-alpha-plus', 'earplugs'),
(2, 'tigrex-arms-alpha-plus', 'attack-boost'),
(2, 'tigrex-arms-alpha-plus', 'speed-eating'),
(1, 'tigrex-waist-alpha-plus', 'earplugs'),
(1, 'tigrex-waist-alpha-plus', 'free-meal'),
(1, 'tigrex-legs-alpha-plus', 'free-meal'),
(1, 'tigrex-legs-alpha-plus', 'speed-eating'),
(1, 'tigrex-head-beta-plus', 'earplugs'),
(2, 'tigrex-head-beta-plus', 'attack-boost'),
(2, 'tigrex-body-beta-plus', 'earplugs'),
(1, 'tigrex-arms-beta-plus', 'attack-boost'),
(2, 'tigrex-arms-beta-plus', 'speed-eating'),
(1, 'tigrex-waist-beta-plus', 'earplugs'),
(1, 'tigrex-legs-beta-plus', 'speed-eating'),
(2, 'uragaan-head-alpha-plus', 'blast-resistance'),
(2, 'uragaan-head-alpha-plus', 'flinch-free'),
(1, 'uragaan-body-alpha-plus', 'blast-resistance'),
(2, 'uragaan-body-alpha-plus', 'partbreaker'),
(2, 'uragaan-arms-alpha-plus', 'guard'),
(2, 'uragaan-arms-alpha-plus', 'iron-skin'),
(1, 'uragaan-waist-alpha-plus', 'guard'),
(1, 'uragaan-waist-alpha-plus', 'partbreaker'),
(1, 'uragaan-legs-alpha-plus', 'offensive-guard'),
(2, 'uragaan-legs-alpha-plus', 'guard'),
(2, 'uragaan-head-beta-plus', 'blast-resistance'),
(2, 'uragaan-body-beta-plus', 'partbreaker'),
(1, 'uragaan-arms-beta-plus', 'iron-skin'),
(2, 'uragaan-arms-beta-plus', 'guard'),
(1, 'uragaan-waist-beta-plus', 'partbreaker'),
(2, 'uragaan-legs-beta-plus', 'guard'),
(1, 'velkhana-head-alpha-plus', 'coalescence'),
(2, 'velkhana-head-alpha-plus', 'divine-blessing'),
(1, 'velkhana-body-alpha-plus', 'critical-draw'),
(2, 'velkhana-body-alpha-plus', 'quick-sheath'),
(1, 'velkhana-arms-alpha-plus', 'quick-sheath'),
(2, 'velkhana-arms-alpha-plus', 'flinch-free'),
(1, 'velkhana-waist-alpha-plus', 'coalescence'),
(1, 'velkhana-waist-alpha-plus', 'flinch-free'),
(1, 'velkhana-legs-alpha-plus', 'coalescence'),
(2, 'velkhana-legs-alpha-plus', 'critical-draw'),
(2, 'velkhana-head-beta-plus', 'divine-blessing'),
(2, 'velkhana-body-beta-plus', 'quick-sheath'),
(1, 'velkhana-arms-beta-plus', 'flinch-free');         
INSERT INTO "PUBLIC"."ARMOR_PIECE_SKILL" VALUES
(1, 'velkhana-arms-beta-plus', 'quick-sheath'),
(1, 'velkhana-waist-beta-plus', 'flinch-free'),
(2, 'velkhana-legs-beta-plus', 'critical-draw'),
(1, 'viper-tobi-kadachi-head-alpha-plus', 'paralysis-attack'),
(2, 'viper-tobi-kadachi-head-alpha-plus', 'evade-extender'),
(1, 'viper-tobi-kadachi-body-alpha-plus', 'evade-extender'),
(1, 'viper-tobi-kadachi-body-alpha-plus', 'quick-sheath'),
(1, 'viper-tobi-kadachi-arms-alpha-plus', 'evade-window'),
(2, 'viper-tobi-kadachi-arms-alpha-plus', 'poison-attack'),
(1, 'viper-tobi-kadachi-waist-alpha-plus', 'constitution'),
(1, 'viper-tobi-kadachi-waist-alpha-plus', 'quick-sheath'),
(1, 'viper-tobi-kadachi-legs-alpha-plus', 'constitution'),
(1, 'viper-tobi-kadachi-legs-alpha-plus', 'evade-window'),
(1, 'viper-tobi-kadachi-head-beta-plus', 'evade-extender'),
(1, 'viper-tobi-kadachi-head-beta-plus', 'paralysis-attack'),
(1, 'viper-tobi-kadachi-body-beta-plus', 'quick-sheath'),
(1, 'viper-tobi-kadachi-arms-beta-plus', 'evade-window'),
(1, 'viper-tobi-kadachi-arms-beta-plus', 'poison-attack'),
(1, 'viper-tobi-kadachi-waist-beta-plus', 'constitution'),
(1, 'viper-tobi-kadachi-legs-beta-plus', 'evade-window'),
(1, 'yian-garuga-head-alpha-plus', 'resentment'),
(2, 'yian-garuga-head-alpha-plus', 'critical-eye'),
(2, 'yian-garuga-body-alpha-plus', 'critical-eye'),
(2, 'yian-garuga-body-alpha-plus', 'earplugs'),
(3, 'yian-garuga-arms-alpha-plus', 'earplugs'),
(2, 'yian-garuga-waist-alpha-plus', 'poison-attack'),
(2, 'yian-garuga-waist-alpha-plus', 'resentment'),
(1, 'yian-garuga-legs-alpha-plus', 'piercing-shots'),
(2, 'yian-garuga-legs-alpha-plus', 'critical-eye'),
(1, 'yian-garuga-head-beta-plus', 'critical-eye'),
(1, 'yian-garuga-head-beta-plus', 'resentment'),
(1, 'yian-garuga-body-beta-plus', 'earplugs'),
(2, 'yian-garuga-body-beta-plus', 'critical-eye'),
(2, 'yian-garuga-arms-beta-plus', 'earplugs'),
(2, 'yian-garuga-waist-beta-plus', 'resentment'),
(2, 'yian-garuga-legs-beta-plus', 'critical-eye'),
(1, 'zinogre-head-alpha-plus', 'critical-boost'),
(2, 'zinogre-head-alpha-plus', 'power-prolonger'),
(1, 'zinogre-body-alpha-plus', 'normal-shots'),
(3, 'zinogre-body-alpha-plus', 'latent-power'),
(2, 'zinogre-arms-alpha-plus', 'latent-power'),
(2, 'zinogre-arms-alpha-plus', 'recovery-speed'),
(1, 'zinogre-waist-alpha-plus', 'power-prolonger'),
(2, 'zinogre-waist-alpha-plus', 'thunder-attack'),
(2, 'zinogre-legs-alpha-plus', 'latent-power'),
(3, 'zinogre-legs-alpha-plus', 'thunder-attack'),
(1, 'zinogre-head-beta-plus', 'critical-boost'),
(1, 'zinogre-head-beta-plus', 'power-prolonger'),
(3, 'zinogre-body-beta-plus', 'latent-power'),
(1, 'zinogre-arms-beta-plus', 'recovery-speed'),
(2, 'zinogre-arms-beta-plus', 'latent-power'),
(1, 'zinogre-waist-beta-plus', 'power-prolonger'),
(1, 'zinogre-legs-beta-plus', 'thunder-attack'),
(2, 'zinogre-legs-beta-plus', 'latent-power'),
(1, 'zorah-magdaros-head-alpha-plus', 'flinch-free'),
(2, 'zorah-magdaros-head-alpha-plus', 'artillery'),
(2, 'zorah-magdaros-body-alpha-plus', 'artillery'),
(2, 'zorah-magdaros-body-alpha-plus', 'tremor-resistance'),
(1, 'zorah-magdaros-arms-alpha-plus', 'free-meal'),
(2, 'zorah-magdaros-arms-alpha-plus', 'flinch-free'),
(1, 'zorah-magdaros-waist-alpha-plus', 'artillery'),
(1, 'zorah-magdaros-waist-alpha-plus', 'tremor-resistance'),
(1, 'zorah-magdaros-legs-alpha-plus', 'earplugs'),
(1, 'zorah-magdaros-legs-alpha-plus', 'handicraft'),
(1, 'zorah-magdaros-head-beta-plus', 'flinch-free'),
(2, 'zorah-magdaros-body-beta-plus', 'tremor-resistance'),
(2, 'zorah-magdaros-arms-beta-plus', 'flinch-free'),
(1, 'zorah-magdaros-waist-beta-plus', 'tremor-resistance'),
(1, 'zorah-magdaros-legs-beta-plus', 'earplugs'),
(1, 'kestodon-arms-alpha-plus', 'affinity-sliding'),
(2, 'kestodon-arms-alpha-plus', 'focus'),
(1, 'kestodon-arms-beta-plus', 'affinity-sliding'),
(1, 'kestodon-arms-beta-plus', 'focus'),
(1, 'barnos-body-alpha-plus', 'heat-guard'),
(2, 'barnos-body-alpha-plus', 'iron-skin'),
(1, 'barnos-body-beta-plus', 'heat-guard'),
(1, 'barnos-body-beta-plus', 'iron-skin'),
(1, 'wulg-head-alpha-plus', 'master-mounter');
INSERT INTO "PUBLIC"."ARMOR_PIECE_SKILL" VALUES
(2, 'wulg-head-alpha-plus', 'ice-resistance'),
(1, 'wulg-head-beta-plus', 'ice-resistance'),
(1, 'wulg-head-beta-plus', 'master-mounter'),
(1, 'cortos-body-alpha-plus', 'jump-master'),
(2, 'cortos-body-alpha-plus', 'hunger-resistance'),
(1, 'cortos-body-beta-plus', 'hunger-resistance'),
(1, 'cortos-body-beta-plus', 'jump-master'),
(2, 'gajau-legs-alpha-plus', 'aquatic-polar-mobility'),
(2, 'gajau-legs-alpha-plus', 'water-attack'),
(1, 'gajau-legs-beta-plus', 'aquatic-polar-mobility'),
(1, 'gajau-legs-beta-plus', 'water-attack'),
(1, 'shamos-head-beta-plus', 'detector'),
(1, 'shamos-head-beta-plus', 'geologist'),
(1, 'shamos-head-alpha-plus', 'detector'),
(2, 'shamos-head-alpha-plus', 'geologist'),
(1, 'gastodon-head-alpha-plus', 'blast-resistance'),
(2, 'gastodon-head-alpha-plus', 'flinch-free'),
(1, 'gastodon-head-beta-plus', 'blast-resistance'),
(1, 'gastodon-head-beta-plus', 'flinch-free'),
(2, 'pearlspring-head-alpha-plus', 'recovery-up');  
CREATE CACHED TABLE "PUBLIC"."JEWEL"(
    "ID" VARCHAR NOT NULL,
    "JEWEL_LEVEL" INTEGER NOT NULL CHECK (("JEWEL_LEVEL" >= 1)
    AND ("JEWEL_LEVEL" <= 4)),
    "NAME" VARCHAR NOT NULL
);  
ALTER TABLE "PUBLIC"."JEWEL" ADD CONSTRAINT "PUBLIC"."CONSTRAINT_43" PRIMARY KEY("ID");        
-- 1 +/- SELECT COUNT(*) FROM PUBLIC.JEWEL;    
INSERT INTO "PUBLIC"."JEWEL" VALUES
('ko-jewel', 2, 'KO Jewel');               
CREATE CACHED TABLE "PUBLIC"."JEWEL_SKILL"(
    "SKILL_LEVEL" INTEGER NOT NULL CHECK (("SKILL_LEVEL" <= 7)
    AND ("SKILL_LEVEL" >= 1)),
    "JEWEL_ID" VARCHAR NOT NULL,
    "SKILL_ID" VARCHAR NOT NULL
);  
ALTER TABLE "PUBLIC"."JEWEL_SKILL" ADD CONSTRAINT "PUBLIC"."CONSTRAINT_A" PRIMARY KEY("JEWEL_ID", "SKILL_ID"); 
-- 1 +/- SELECT COUNT(*) FROM PUBLIC.JEWEL_SKILL;              
INSERT INTO "PUBLIC"."JEWEL_SKILL" VALUES
(1, 'ko-jewel', 'slugger');          
CREATE CACHED TABLE "PUBLIC"."SET_BONUS"(
    "ID" VARCHAR NOT NULL,
    "NAME" VARCHAR NOT NULL
);            
ALTER TABLE "PUBLIC"."SET_BONUS" ADD CONSTRAINT "PUBLIC"."CONSTRAINT_1" PRIMARY KEY("ID");     
-- 51 +/- SELECT COUNT(*) FROM PUBLIC.SET_BONUS;               
INSERT INTO "PUBLIC"."SET_BONUS" VALUES
('diablos-ambition', 'Diablos Ambition'),
('anjanath-power', 'Anjanath Power'),
('anjanath-will', 'Anjanath Will'),
('astera-blessing', 'Astera Blessing'),
('bazelgeuse-protection', 'Bazelgeuse Protection'),
('commission-guidance', 'Commission Guidance'),
('diablos-mastery', 'Diablos Mastery'),
('diablos-power', 'Diablos Power'),
('guild-guidance', 'Guild Guidance'),
('kirin-blessing', 'Kirin Blessing'),
('kirin-favor', 'Kirin Favor'),
('kushala-daora-flight', 'Kushala Daora Flight'),
('legiana-blessing', 'Legiana Blessing'),
('legiana-favor', 'Legiana Favor'),
('lunastra-favor', 'Lunastra Favor'),
('nergigante-hunger', 'Nergigante Hunger'),
('odogaron-mastery', 'Odogaron Mastery'),
('odogaron-power', 'Odogaron Power'),
('pink-rathian-mastery', 'Pink Rathian Mastery'),
('rathalos-power', 'Rathalos Power'),
('rathalos-mastery', 'Rathalos Mastery'),
('soul-of-the-dragoon', 'Soul of the Dragoon'),
('teostra-technique', 'Teostra Technique'),
('uragaan-protection', 'Uragaan Protection'),
('vaal-hazak-vitality', 'Vaal Hazak Vitality'),
('xeno-jiiva-divinity', 'Xeno''jiiva Divinity'),
('zorah-magdaros-mastery', 'Zorah Magdaros Mastery'),
('anjanath-dominance', 'Anjanath Dominance'),
('rathian-essence', 'Rathian Essence'),
('ancient-divinity', 'Ancient Divinity'),
('commission-alchemy', 'Commission Alchemy'),
('barioth-hidden-art', 'Barioth Hidden Art'),
('rathalos-essence', 'Rathalos Essence'),
('legiana-ambition', 'Legiana Ambition'),
('odogaron-essence', 'Odogaron Essence'),
('uragaan-ambition', 'Uragaan Ambition'),
('nargacuga-essence', 'Nargacuga Essence'),
('glavenus-essence', 'Glavenus Essence'),
('brachydios-essence', 'Brachydios Essence'),
('tigrex-essence', 'Tigrex Essence'),
('instructor-s-guidance', 'Instructor''s Guidance'),
('bazelgeuse-ambition', 'Bazelgeuse Ambition'),
('deviljho-essence', 'Deviljho Essence'),
('velkhana-divinity', 'Velkhana Divinity'),
('vaal-soulvein', 'Vaal Soulvein'),
('kirin-divinity', 'Kirin Divinity'),
('namielle-divinity', 'Namielle Divinity'),
('shara-ishvalda-divinity', 'Shara Ishvalda Divinity'),
('zorah-magdaros-essence', 'Zorah Magdaros Essence'),
('zinogre-essence', 'Zinogre Essence'),
('lunastra-essence', 'Lunastra Essence');            
CREATE CACHED TABLE "PUBLIC"."SET_BONUS_ARMOR_PIECES"(
    "SET_BONUS_ID" VARCHAR NOT NULL,
    "ARMOR_PIECES_ID" VARCHAR NOT NULL
);          
-- 0 +/- SELECT COUNT(*) FROM PUBLIC.SET_BONUS_ARMOR_PIECES;   
CREATE CACHED TABLE "PUBLIC"."SET_BONUS_SKILL"(
    "REQUIRED_PIECES" INTEGER NOT NULL CHECK (("REQUIRED_PIECES" >= 1)
    AND ("REQUIRED_PIECES" <= 5)),
    "SKILL_LEVEL" INTEGER NOT NULL CHECK (("SKILL_LEVEL" <= 7)
    AND ("SKILL_LEVEL" >= 1)),
    "SET_BONUS_ID" VARCHAR NOT NULL,
    "SKILL_ID" VARCHAR NOT NULL
);
ALTER TABLE "PUBLIC"."SET_BONUS_SKILL" ADD CONSTRAINT "PUBLIC"."CONSTRAINT_5" PRIMARY KEY("SET_BONUS_ID", "SKILL_ID");         
-- 59 +/- SELECT COUNT(*) FROM PUBLIC.SET_BONUS_SKILL;         
INSERT INTO "PUBLIC"."SET_BONUS_SKILL" VALUES
(3, 1, 'diablos-ambition', 'slugger-secret'),
(3, 1, 'anjanath-power', 'adrenaline'),
(2, 1, 'anjanath-will', 'adrenaline'),
(4, 1, 'anjanath-will', 'stamina-cap-up'),
(5, 1, 'astera-blessing', 'great-luck'),
(3, 1, 'bazelgeuse-protection', 'guts'),
(4, 1, 'commission-guidance', 'carving-master'),
(2, 1, 'diablos-mastery', 'bludgeoner'),
(4, 1, 'diablos-mastery', 'non-elemental-boost'),
(3, 1, 'diablos-power', 'bludgeoner'),
(4, 1, 'guild-guidance', 'great-luck'),
(4, 1, 'kirin-blessing', 'capture-master'),
(3, 1, 'kirin-favor', 'capture-master'),
(3, 1, 'kushala-daora-flight', 'nullify-wind-pressure'),
(3, 1, 'legiana-blessing', 'good-luck'),
(4, 1, 'legiana-favor', 'bow-charge-plus'),
(2, 1, 'legiana-favor', 'good-luck'),
(2, 1, 'lunastra-favor', 'stamina-cap-up'),
(4, 1, 'lunastra-favor', 'mind-s-eye-ballistics'),
(3, 1, 'nergigante-hunger', 'hasten-recovery'),
(2, 1, 'odogaron-mastery', 'punishing-draw'),
(4, 1, 'odogaron-mastery', 'protective-polish'),
(3, 1, 'odogaron-power', 'punishing-draw'),
(3, 1, 'pink-rathian-mastery', 'poison-duration-up'),
(3, 1, 'rathalos-power', 'critical-element'),
(2, 1, 'rathalos-mastery', 'critical-element'),
(4, 1, 'rathalos-mastery', 'mind-s-eye-ballistics'),
(2, 1, 'soul-of-the-dragoon', 'elemental-airborne'),
(4, 1, 'soul-of-the-dragoon', 'master-s-touch'),
(3, 1, 'teostra-technique', 'master-s-touch'),
(3, 1, 'uragaan-protection', 'guard-up'),
(3, 1, 'xeno-jiiva-divinity', 'razor-sharp-spare-shot'),
(3, 1, 'zorah-magdaros-mastery', 'critical-status'),
(2, 1, 'anjanath-dominance', 'stamina-cap-up'),
(2, 1, 'rathian-essence', 'poison-duration-up'),
(2, 1, 'ancient-divinity', 'critical-status'),
(3, 1, 'commission-alchemy', 'bombardier-secret'),
(2, 1, 'barioth-hidden-art', 'punishing-draw'),
(2, 1, 'rathalos-essence', 'mind-s-eye-ballistics'),
(3, 1, 'legiana-ambition', 'bow-charge-plus'),
(3, 1, 'odogaron-essence', 'protective-polish'),
(2, 1, 'uragaan-ambition', 'guard-up'),
(3, 1, 'nargacuga-essence', 'true-razor-sharp-spare-shot'),
(3, 1, 'glavenus-essence', 'maximum-might-secret'),
(3, 1, 'brachydios-essence', 'agitator-secret'),
(3, 1, 'tigrex-essence', 'free-meal-secret'),
(2, 1, 'instructor-s-guidance', 'capture-master'),
(2, 1, 'bazelgeuse-ambition', 'guts'),
(3, 1, 'deviljho-essence', 'stamina-thief-secret'),
(4, 1, 'velkhana-divinity', 'frostcraft'),
(2, 1, 'vaal-soulvein', 'super-recovery'),
(3, 1, 'vaal-hazak-vitality', 'super-recovery'),
(3, 1, 'kirin-divinity', 'great-luck'),
(2, 1, 'namielle-divinity', 'element-acceleration'),
(4, 1, 'namielle-divinity', 'true-element-acceleration'),
(4, 1, 'shara-ishvalda-divinity', 'gaia-s-veil'),
(3, 1, 'zorah-magdaros-essence', 'artillery-secret'),
(3, 1, 'zinogre-essence', 'latent-power-secret'),
(3, 1, 'lunastra-essence', 'tool-specialist-secret');         
CREATE CACHED TABLE "PUBLIC"."SKILL"(
    "ID" VARCHAR NOT NULL,
    "DESCRIPTION" VARCHAR NOT NULL,
    "MAX_LEVEL" INTEGER NOT NULL CHECK (("MAX_LEVEL" <= 7)
    AND ("MAX_LEVEL" >= 1)),
    "MAX_UNCAPPED_LEVEL" INTEGER CHECK (("MAX_UNCAPPED_LEVEL" >= 1)
    AND ("MAX_UNCAPPED_LEVEL" <= 7)),
    "NAME" VARCHAR NOT NULL
);          
ALTER TABLE "PUBLIC"."SKILL" ADD CONSTRAINT "PUBLIC"."CONSTRAINT_4B" PRIMARY KEY("ID");        
-- 157 +/- SELECT COUNT(*) FROM PUBLIC.SKILL;  
INSERT INTO "PUBLIC"."SKILL" VALUES
('slugger-secret', 'Raises the maximum level of the Slugger skill.', 1, NULL, 'Slugger Secret'),
('slugger', 'Makes it easier to stun monsters.', 3, 5, 'Slugger'),
('heroics', 'Increases attack power and defense when health drops to 35% or lower.', 5, NULL, 'Heroics'),
('bombardier-secret', 'Raises the maximum level of the Bombardier skill.', 1, NULL, 'Bombardier Secret'),
('bombardier', 'Increases the damage of explosive items.', 3, 5, 'Bombardier'),
('maximum-might-secret', 'Raises the maximum level of the Maximum Might skill.', 1, NULL, 'Maximum Might Secret'),
('maximum-might', 'Increases affinity as long as stamina is kept full for a period of time.', 3, 5, 'Maximum Might'),
('agitator-secret', 'Raises the maximum level of the Agitator skill.', 1, NULL, 'Agitator Secret'),
('agitator', 'Increases attack power and affinity when large monsters become enraged.', 5, 7, 'Agitator'),
('free-meal-secret', 'Raises the maximum level of the Free Meal skill.', 1, NULL, 'Free Meal Secret'),
('free-meal', 'Gives you a predetermined chance of consuming a food or drink item for free.', 1, 3, 'Free Meal'),
('stamina-thief-secret', 'Raises the maximum level of the Stamina Thief skill.', 1, NULL, 'Stamina Thief Secret'),
('stamina-thief', 'Gives you a predetermined chance of consuming a food or drink item for free.', 3, 5, 'Stamina Thief'),
('artillery-secret', 'Raises the maximum level of the Artillery skill.', 1, NULL, 'Artillery Secret'),
('artillery', 'Strengthens explosive attacks like gunlance shells, Wyvern''s Fire, charge blade phial attacks, and sticky ammo.', 3, 5, 'Artillery'),
('latent-power-secret', 'Raises the maximum level of the Latent Power skill.', 1, NULL, 'Latent Power Secret'),
('latent-power', 'Temporarily increases affinity and reduced stamina depletion when certain conditions are met.', 5, 7, 'Latent Power'),
('adrenaline', 'Temporarily reduces stamina depletion when health is at 40% or lower.', 1, NULL, 'Adrenaline'),
('stamina-cap-up', 'Increases stamina cap.', 1, NULL, 'Stamina Cap Up'),
('great-luck', 'High chance of increased quest rewards. (No effect when joining mid-quest.)', 1, NULL, 'Great Luck'),
('guts', 'Above a certain health threshold, you withstand an attack that would normally cart you (once only).', 1, NULL, 'Guts'),
('carving-master', 'Lets you carve one additional time (no effect when joining mid-quest.)', 1, NULL, 'Carving Master'),
('bludgeoner', 'Raises attack as your weapon loses sharpness. Also boost ranged weapon melee attacks and odds of stunning.', 1, NULL, 'Bludgeoner'),
('non-elemental-boost', 'Raises base attack for non-elemental weapons.', 1, NULL, 'Non-elemental Boost'),
('capture-master', 'High chance of increased capture rewards. (No effect when joining mid-quest.)', 1, NULL, 'Capture Master'),
('nullify-wind-pressure', 'Negates all wind pressure.', 1, NULL, 'Nullify Wind Pressure'),
('good-luck', 'Good chance of increased quest rewards (no effect when joining mid-quest.)', 1, NULL, 'Good Luck'),
('bow-charge-plus', 'Increase max bow charge level by one.', 1, NULL, 'Bow Charge Plus'),
('mind-s-eye-ballistics', 'Prevents attacks from being deflected. Also shortens the distance before ammo and arrows reach maximum power.', 1, NULL, 'Mind''s Eye/Ballistics'),
('hasten-recovery', 'Regenerates your health as you continually attack a monster. Recovery varies by weapon.', 1, NULL, 'Hasten Recovery'),
('punishing-draw', 'Adds a stun effect to draw attacks and slightly increases attack power.', 1, NULL, 'Punishing Draw'),
('protective-polish', 'Weapon sharpness does not decrease for a set time after sharpening.', 1, NULL, 'Protective Polish'),
('poison-duration-up', 'Extends the duration of your poison''s effect on monsters.', 1, NULL, 'Poison Duration Up'),
('critical-element', 'Increases elemental damage when landing critical hits.', 1, NULL, 'Critical Element'),
('elemental-airborne', 'Elemental damage increased for jumping attacks.', 1, NULL, 'Elemental Airborne'),
('master-s-touch', 'Prevents your weapon from losing sharpness during critical hits.', 1, NULL, 'Master''s Touch');              
INSERT INTO "PUBLIC"."SKILL" VALUES
('guard-up', 'Allows you to guard against ordinarily unblockable attacks.', 1, NULL, 'Guard Up'),
('super-recovery', 'Allows recovery to exceed the red portion of the health gauge.', 1, NULL, 'Super Recovery'),
('razor-sharp-spare-shot', 'Halves sharpness loss. Bows and bowguns have a chance not to expend coatings or ammo.', 1, NULL, 'Razor Sharp/Spare Shot'),
('true-razor-sharp-spare-shot', 'Greatly reduces sharpness loss. Bows and bowguns have a chance not to expend coatings or ammo.', 1, NULL, 'True Razor Sharp/Spare Shot'),
('critical-status', 'Increases abnormal status effect damage when landing critical hits.', 1, NULL, 'Critical Status'),
('frostcraft', 'An aura of frost builds when your weapon is sheathed, raising attack. Wanes each melee hit or shot fired.', 1, NULL, 'Frostcraft'),
('element-acceleration', 'Continually attacking a monster activates Free Element/Ammo Up Lv2 and increases elemental damage.', 1, NULL, 'Element Acceleration'),
('true-element-acceleration', 'Continually attacking a monster activates Free Element/Ammo Up Lv3 and increases elemental damage.', 1, NULL, 'True Element Acceleration'),
('gaia-s-veil', 'While wearing a mantle, gain Windproof Lv3, Earplugs Lv3, Tremor Res Lv3, and Flinch Free.', 1, NULL, 'Gaia''s Veil'),
('true-gaia-s-veil', 'While wearing a mantle, gain Tremor Resistance Lv3, Earplugs Lv5, max Windproof, and Flinch Free.', 1, NULL, 'True Gaia''s Veil'),
('affinity-sliding', 'Sliding increases your affinity for a short time.', 1, NULL, 'Affinity Sliding'),
('airborne', 'Increases the damage caused by jumping attacks.', 1, NULL, 'Airborne'),
('aquatic-polar-mobility', 'Improves mobility in water and deep snow.', 3, NULL, 'Aquatic/Polar Mobility'),
('attack-boost', 'Increases attack power. Also increases affinity at higher levels.', 7, NULL, 'Attack Boost'),
('bbq-master', 'Improves your skill at cooking meat.', 1, NULL, 'BBQ Master'),
('blast-attack', 'Increases the rate of Blast buildup. (Elemental buildup has a maximum limit.)', 4, NULL, 'Blast Attack'),
('blast-resistance', 'Grants protection against Blastblight.', 3, NULL, 'Blast Resistance'),
('bleeding-resistance', 'Grants protection against Bleeding.', 3, NULL, 'Bleeding Resistance'),
('blight-resistance', 'Grants protection against all elemental blights.', 3, NULL, 'Blight Resistance'),
('blindsider', 'Increases the effective range of flash attacks.', 1, NULL, 'Blindsider'),
('botanist', 'Increases the quantity of herbs and other consumable items you gather.', 4, NULL, 'Botanist'),
('capacity-boost', 'Increases the gunlance''s shell capacity and charge blade''s phial capacity.', 1, NULL, 'Capacity Boost'),
('carving-pro', 'Prevents knockback from attacks while carving.', 1, NULL, 'Carving Pro'),
('cliffhanger', 'Decrease stamina consumption when evading while clinging to walls or ivy.', 1, NULL, 'Cliffhanger'),
('constitution', 'Reduces stamina depletion when performing stamina-draining moves such as evading, etc.', 5, NULL, 'Constitution'),
('critical-boost', 'Increases the damage of critical hits.', 3, NULL, 'Critical Boost'),
('critical-draw', 'Increases affinity when performing draw attacks.', 3, NULL, 'Critical Draw'),
('critical-eye', 'Increases affinity.', 7, NULL, 'Critical Eye'),
('defense-boost', 'Increases defense. Also increases elemental resistances at higher levels.', 7, NULL, 'Defense Boost'),
('detector', 'Shows rare gathering points on the Wildlife Map.', 1, NULL, 'Detector'),
('true-critical-status', '???', 1, NULL, 'True Critical Status'),
('divine-blessing-secret', 'Raises the maximum level of the Divine Blessing skill.', 1, NULL, 'Divine Blessing Secret'),
('divine-blessing', 'Has a predetermined chance of reducing the damage you take.', 3, 5, 'Divine Blessing'),
('dragon-attack', 'Increases the power of Dragon Attacks.', 5, NULL, 'Dragon Attack'),
('ice-attack', 'Increases the power of Ice Attacks.', 5, NULL, 'Ice Attack'),
('water-attack', 'Increases the power of Water Attacks.', 5, NULL, 'Water Attack'),
('thunder-attack', 'Increases the power of Thunder Attacks.', 5, NULL, 'Thunder Attack');              
INSERT INTO "PUBLIC"."SKILL" VALUES
('fire-attack', 'Increases the power of Fire Attacks.', 5, NULL, 'Fire Attack'),
('paralysis-attack', 'Increases the rate of Paralysis buildup. (Elemental buildup has a maximum limit.)', 4, NULL, 'Paralysis Attack'),
('sleep-attack', 'Increases the rate of Sleep buildup. (Elemental buildup has a maximum limit.)', 4, NULL, 'Sleep Attack'),
('poison-attack', 'Increases the rate of Poison buildup. (Elemental buildup has a maximum limit.)', 4, NULL, 'Poison Attack'),
('poison-resistance', 'Reduces the duration of Poison.', 3, NULL, 'Poison Resistance'),
('sleep-resistance', 'Reduces the duration of Sleep.', 3, NULL, 'Sleep Resistance'),
('dragon-resistance', 'Increases Dragon Resistance. Also improves Defense at higher levels.', 3, NULL, 'Dragon Resistance'),
('water-resistance', 'Increases Water Resistance. Also improves Defense at higher levels.', 3, NULL, 'Water Resistance'),
('ice-resistance', 'Increases Ice Resistance. Also improves Defense at higher levels.', 3, NULL, 'Ice Resistance'),
('thunder-resistance', 'Increases Thunder Resistance. Also improves Defense at higher levels.', 3, NULL, 'Thunder Resistance'),
('fire-resistance', 'Increases Fire Resistance. Also improves Defense at higher levels.', 3, NULL, 'Fire Resistance'),
('dungmaster', 'Makes monster hit with slinger dung pods more likely to run.', 1, NULL, 'Dungmaster'),
('earplugs', 'Makes monster hit with slinger dung pods more likely to run.', 5, NULL, 'Earplugs'),
('effluvia-resistance', 'Increases resistance to Effluvial Buildup.*', 3, NULL, 'Effluvia Resistance'),
('effluvial-expert', 'Nullifies damage from Effluvia and reduces damage from acids.*', 1, NULL, 'Effluvial Expert'),
('elderseal-boost', 'Increases the Elderseal of weapons and dragon ammo.', 1, NULL, 'Elderseal Boost'),
('evade-window', 'Extends the invulnerability period while evading.', 5, NULL, 'Evade Window'),
('evade-extender', 'Increases evade distance.', 3, NULL, 'Evade Extender'),
('entomologist', 'When slaying small insects, it will become easier to carve materials from them.', 3, NULL, 'Entomologist'),
('flinch-free', 'Prevents knockbacks and other reactions to small damage.', 3, NULL, 'Flinch Free'),
('focus', 'Increases the fill rate for weapons with gauges and the charge rate for weapons with charge attacks.', 3, NULL, 'Focus'),
('forager-s-luck', 'Increases the chance of finding rare gathering points.', 1, NULL, 'Forager''s Luck'),
('fortify', 'Increases your attack and defense every time you fall in battle, up to two times.', 1, NULL, 'Fortify'),
('free-elem-ammo-up', 'Unlocks your weapon''s hidden element. Also increases bowgun loading capacity. (There is a cap to loading capacity.)', 3, NULL, 'Free Elem/Ammo Up'),
('geologist', 'Increases the number of times you can use a gathering point.', 3, NULL, 'Geologist'),
('guard', 'Reduces knockbacks and stamina depletion when guarding.', 5, NULL, 'Guard'),
('handicraft', 'Extends the weapon sharpness gauge. However, it will not increase the gauge past its maximum.', 5, NULL, 'Handicraft'),
('health-boost', 'Increases health.', 3, NULL, 'Health Boost'),
('heat-guard', 'Nullifies damage from heat.', 1, NULL, 'Heat Guard'),
('heavy-artillery', 'Increase the firepower of ballistae and cannons.', 2, NULL, 'Heavy Artillery'),
('honey-hunter', 'Increases the quantity of honey you receive when gathering in the field.', 1, NULL, 'Honey Hunter'),
('horn-maestro', 'Increases the effect duration of hunting horn melodies.', 2, NULL, 'Horn Maestro'),
('hunger-resistance', 'Reduces maximum stamina cap depletion over time.', 3, NULL, 'Hunger Resistance'),
('intimidator', 'Reduces the chances small monsters will attack after spotting you. (No effect on certain monsters.)', 3, NULL, 'Intimidator'),
('iron-skin', 'Grants protection against Defense Down.', 3, NULL, 'Iron Skin'),
('item-prolonger', 'Extends the duration of some item effects.', 3, NULL, 'Item Prolonger'),
('jump-master', 'Prevents attacks from knocking you back during a jump.', 1, NULL, 'Jump Master'),
('leap-of-faith', 'Allows you to do a dive-evade when facing towards large monsters, and extends the dive-evade distance.', 1, NULL, 'Leap of Faith');            
INSERT INTO "PUBLIC"."SKILL" VALUES
('marathon-runner', 'Slows down stamina depletion for actions which continuously drain stamina (such as dashing).', 3, NULL, 'Marathon Runner'),
('master-fisher', 'Improves your skill at fishing.', 1, NULL, 'Master Fisher'),
('coalescence', 'Temporarily enhances attacks after recovering from blights or abnormal statuses.', 3, NULL, 'Coalescence'),
('coldproof', 'Nullifies the effects of cold weather.', 1, NULL, 'Coldproof'),
('master-gatherer', 'Allows you to gather more quickly, and also prevents attacks from knocking you back while gathering.', 1, NULL, 'Master Gatherer'),
('master-mounter', 'Makes it easier to mount Monsters.', 1, NULL, 'Master Mounter'),
('muck-resistance', 'Reduces impairments to mobility while stuck in monster muck.', 1, NULL, 'Muck Resistance'),
('mushroomancer', 'Lets you digest mushrooms that would otherwise be inedible and gain their advantageous effects.', 3, NULL, 'Mushroomancer'),
('normal-shots', 'Increases the attack power of normal ammo and normal arrows.', 2, NULL, 'Normal Shots'),
('palico-rally', 'Increases the attack power of normal ammo and normal arrows.', 5, NULL, 'Palico Rally'),
('partbreaker', 'Makes it easier to break or sever parts of large monsters.', 3, NULL, 'Partbreaker'),
('peak-performance', 'Increases attack when your health is full.', 3, NULL, 'Peak Performance'),
('piercing-shots', 'Increases the attack power of piercing ammo and Dragon Piercer.', 2, NULL, 'Piercing Shots'),
('spread-power-shots', 'Increases the attack power of spread ammo, power shot arrows, and Thousand Dragons.', 2, NULL, 'Spread/Power Shots'),
('power-prolonger', 'Allows long swords, dual blades, insect glaives, switch axes and charge blades to stay powered up longer.', 3, NULL, 'Power Prolonger'),
('pro-transporter', 'Increases your speed while transporting items and decreases the likelihood of dropping them.', 1, NULL, 'Pro Transporter'),
('quick-sheath', 'Speeds up weapon sheathing.', 3, NULL, 'Quick Sheath'),
('recovery-speed', 'Speeds recovery for recoverable damage (the red portion of the health gauge).*', 3, NULL, 'Recovery Speed'),
('recovery-up', 'Increases the amount restored when restoring Health.', 3, NULL, 'Recovery Up'),
('resentment', 'Increases attack when you have recoverable damage (the red portion of your health gauge).', 3, NULL, 'Resentment'),
('resuscitate', 'Improves evasion and reduces stamina depletion when afflicted with abnormal status effects.', 1, NULL, 'Resuscitate'),
('scenthound', 'Increases your scoutflies'' gauge fill rate when you find tracks and other traces left by monsters.', 1, NULL, 'Scenthound'),
('scholar', 'Expands your scoutflies'' detection range.*', 1, NULL, 'Scholar'),
('true-critical-element', '???', 1, NULL, 'True Critical Element'),
('slinger-capacity-secret', 'Raises the maximum level of the Slinger Capacity skill.', 1, NULL, 'Slinger Capacity Secret'),
('slinger-capacity', 'Increases the loading capacity for the slinger ammo obtained in the field.', 3, 5, 'Slinger Capacity'),
('special-ammo-boost', 'Increases the power of bowgun special ammo and Dragon Piercer.', 2, NULL, 'Special Ammo Boost'),
('speed-crawler', 'Increases movement speed while crouching.*', 1, NULL, 'Speed Crawler'),
('speed-eating', 'Increases meat-eating and item consumption speed.', 3, NULL, 'Speed Eating'),
('speed-sharpening', 'Speeds up weapon sharpening when using a whetstone.', 3, NULL, 'Speed Sharpening'),
('survival-expert', 'Extra health is recovered from environmental interactable like sporepuffs or wiggly litchi.', 3, NULL, 'Survival Expert'),
('stamina-surge', 'Speeds up stamina recovery.', 3, NULL, 'Stamina Surge'),
('stealth', 'Makes it easier for monsters to lose sight of you.', 3, NULL, 'Stealth'),
('stun-resistance', 'Reduces Stun duration.', 3, NULL, 'Stun Resistance'),
('tool-specialist-secret', 'Raises the maximum level of the Tool Specialist skill.', 1, NULL, 'Tool Specialist Secret'),
('tool-specialist', 'Reduces the recharge time for specialized tools.', 3, 5, 'Tool Specialist'),
('tremor-resistance', 'Grants protection against ground tremors.', 3, NULL, 'Tremor Resistance');      
INSERT INTO "PUBLIC"."SKILL" VALUES
('weakness-exploit', 'Increases the affinity of attacks that exploit a monster weak spot.', 3, NULL, 'Weakness Exploit'),
('wide-range', 'Allows the effects of certain items to also affect nearby allies.', 5, NULL, 'Wide-Range'),
('windproof', 'Grants protection against wind pressure.', 5, NULL, 'Windproof'),
('offensive-guard', 'Temporarily increases attack power after executing a perfectly-timed guard.', 3, NULL, 'Offensive Guard'),
('paralysis-resistance', 'Reduces the duration of Paralysis.', 3, NULL, 'Paralysis Resistance'),
('sleep-functionality', 'Allows you to apply sleep coatings', 1, NULL, 'Sleep Functionality'),
('blast-functionality', 'Allows you to apply blast coatings', 1, NULL, 'Blast Functionality'),
('paralysis-functionality', 'Allows you to apply paralysis coatings', 1, NULL, 'Paralysis Functionality'),
('poison-functionality', 'Allows you to apply poison coatings', 1, NULL, 'Poison Functionality');         
CREATE CACHED TABLE "PUBLIC"."SKILL_EFFECT"(
    "SKILL_ID" VARCHAR NOT NULL,
    "EFFECT" VARCHAR NOT NULL,
    "SKILL_LEVEL" INTEGER NOT NULL
);             
ALTER TABLE "PUBLIC"."SKILL_EFFECT" ADD CONSTRAINT "PUBLIC"."CONSTRAINT_B" PRIMARY KEY("SKILL_ID", "SKILL_LEVEL");             
-- 390 +/- SELECT COUNT(*) FROM PUBLIC.SKILL_EFFECT;           
INSERT INTO "PUBLIC"."SKILL_EFFECT" VALUES
('slugger-secret', 'Raises the maximum level of the Slugger skill ', 1),
('slugger', 'Stun power +20%', 1),
('slugger', 'Stun power +30%', 2),
('slugger', 'Stun power +40%', 3),
('slugger', 'Stun power +50%', 4),
('slugger', 'Stun power +60%', 5),
('heroics', 'While active, increases defense by 50 points', 1),
('heroics', 'While active, increases attack power by 5% and increases defense by 50 points', 2),
('heroics', 'While active, increases attack power by 5% and increases defense by 100 points', 3),
('heroics', 'While active, increases attack power by 10% and increases defense by 100 points', 4),
('heroics', 'While active, increases attack power by 15% and increases defense by 100 points', 5),
('bombardier-secret', 'Raises the maximum level of the Bombardier skill ', 1),
('bombardier', 'Explosive power +10%', 1),
('bombardier', 'Explosive power +20%', 2),
('bombardier', 'Explosive power +30%', 3),
('bombardier', 'Explosive power +40%', 4),
('bombardier', 'Explosive power +50%', 5),
('maximum-might-secret', 'Raises the maximum level of the Maximum Might skill ', 1),
('maximum-might', 'While active, increases Affinity by 10%', 1),
('maximum-might', 'While active, increases Affinity by 20%', 2),
('maximum-might', 'While active, increases Affinity by 30%', 3),
('maximum-might', 'While active, increases Affinity by 40%', 4),
('maximum-might', 'Increases Affinity by 40% as soon as the stamina gauge is full', 5),
('agitator-secret', 'Raises the maximum level of the Agitator skill ', 1),
('agitator', 'While active, grants Attack +4 and increases Affinity by 5%', 1),
('agitator', 'While active, grants Attack +8 and increases Affinity by 5%', 2),
('agitator', 'While active, grants Attack +12 and increases Affinity by 7%', 3),
('agitator', 'While active, grants Attack +16 and increases Affinity by 7%', 4),
('agitator', 'While active, grants Attack +20 and increases Affinity by 10%', 5),
('agitator', 'While active, grants Attack +24 and increases Affinity by 15%', 6),
('agitator', 'While active, grants Attack +28 and increases Affinity by 20%', 7),
('free-meal-secret', 'Raises the maximum level of the Free Meal skill ', 1),
('free-meal', 'Activates 25% of the time', 1),
('free-meal', 'Activates 50% of the time', 2),
('free-meal', 'Activates 75% of the time', 3),
('stamina-thief-secret', 'Raises the maximum level of the Stamina Thief skill ', 1),
('stamina-thief', 'Exhaust power +20%', 1),
('stamina-thief', 'Exhaust power +30%', 2),
('stamina-thief', 'Exhaust power +40%', 3),
('stamina-thief', 'Exhaust power +50%', 4),
('stamina-thief', 'Exhaust power +60%', 5),
('artillery-secret', 'Raises the maximum level of the Artillery skill ', 1),
('artillery', 'Increases power of each attack by 10% and reduces Wyvern''s Fire cooldown by 15%', 1),
('artillery', 'Increases power of each attack by 20% and reduces Wyvern''s Fire cooldown by 30%', 2),
('artillery', 'Increases power of each attack by 30% and reduces Wyvern''s Fire cooldown by 50%', 3),
('artillery', 'Increases power of each attack by 40% and reduces Wyvern''s Fire cooldown by 60%', 4),
('artillery', 'Increases power of each attack by 50% and reduces Wyvern''s Fire cooldown by 70%', 5),
('latent-power-secret', 'Raises the maximum level of the Latent Power skill ', 1),
('latent-power', 'While active, increases Affinity by 10% and reduces stamina depletion by 30%', 1),
('latent-power', 'While active, increases Affinity by 20% and reduces stamina depletion by 30%', 2),
('latent-power', 'While active, increases Affinity by 30% and reduces stamina depletion by 50%', 3),
('latent-power', 'While active, increases Affinity by 40% and reduces stamina depletion by 50%', 4),
('latent-power', 'While active, increases Affinity by 50% and reduces stamina depletion by 50%', 5),
('latent-power', 'While active, increases Affinity by 50% and reduces stamina depletion by 50%', 6),
('latent-power', 'While active, increases Affinity by 60% and reduces stamina depletion by 50%', 7),
('adrenaline', 'Temporarily reduces stamina depletion when health is at 40% or lower', 1);   
INSERT INTO "PUBLIC"."SKILL_EFFECT" VALUES
('stamina-cap-up', 'Increases stamina cap', 1),
('great-luck', 'High chance of increased quest rewards. (No effect when joining mid-quest)', 1),
('guts', 'Above a certain health threshold, you withstand an attack that would normally cart you (once only)', 1),
('carving-master', 'Lets you carve one additional time (no effect when joining mid-quest)', 1),
('bludgeoner', 'Raises attack as your weapon loses sharpness. Also boost ranged weapon melee attacks and odds of stunning', 1),
('non-elemental-boost', 'Raises base attack for non-elemental weapons', 1),
('capture-master', 'High chance of increased capture rewards. (No effect when joining mid-quest)', 1),
('nullify-wind-pressure', 'Negates all wind pressure', 1),
('good-luck', 'Good chance of increased quest rewards (no effect when joining mid-quest)', 1),
('bow-charge-plus', 'Increase max bow charge level by one', 1),
('mind-s-eye-ballistics', 'Prevents attacks from being deflected. Also shortens the distance before ammo and arrows reach maximum power', 1),
('hasten-recovery', 'Regenerates your health as you continually attack a monster. Recovery varies by weapon', 1),
('punishing-draw', 'Adds a stun effect to draw attacks and slightly increases attack power', 1),
('protective-polish', 'Weapon sharpness does not decrease for a set time after sharpening', 1),
('poison-duration-up', 'Extends the duration of your poison''s effect on monsters.', 1),
('critical-element', 'Increases elemental damage when landing critical hits', 1),
('elemental-airborne', 'Elemental damage increased for jumping attacks', 1),
('master-s-touch', 'Prevents your weapon from losing sharpness during critical hits', 1),
('guard-up', 'Allows you to guard against ordinarily unblockable attacks', 1),
('super-recovery', 'Allows recovery to exceed the red portion of the health gauge', 1),
('razor-sharp-spare-shot', 'Halves sharpness loss. Bows and bowguns have a chance not to expend coatings or ammo', 1),
('true-razor-sharp-spare-shot', 'Greatly reduces sharpness loss. Bows and bowguns have a chance not to expend coatings or ammo', 1),
('critical-status', 'Increases abnormal status effect damage when landing critical hits', 1),
('frostcraft', 'An aura of frost builds when your weapon is sheathed, raising attack. Wanes each melee hit or shot fired', 1),
('element-acceleration', 'Continually attacking a monster activates Free Element/Ammo Up Lv2 and increases elemental damage', 1),
('true-element-acceleration', 'Continually attacking a monster activates Free Element/Ammo Up Lv3 and increases elemental damage', 1),
('gaia-s-veil', 'While wearing a mantle, gain Windproof Lv3, Earplugs Lv3, Tremor Res Lv3, and Flinch Free', 1),
('true-gaia-s-veil', 'While wearing a mantle, gain Tremor Resistance Lv3, Earplugs Lv5, max Windproof, and Flinch Free', 1),
('affinity-sliding', '+30% Affinity for 15 seconds after sliding', 1),
('airborne', 'Jumping attack power +30%', 1),
('aquatic-polar-mobility', 'Prevents water from slowing movement.', 1),
('aquatic-polar-mobility', 'Prevents water from slowing movement and improves evasion while in water.', 2),
('aquatic-polar-mobility', 'Prevents water from slowing movement and greatly improves evasion while in water.', 3),
('attack-boost', 'Attack +3', 1),
('attack-boost', 'Attack +6', 2),
('attack-boost', 'Attack +9', 3),
('attack-boost', 'Attack +12, Affinity +5%', 4),
('attack-boost', 'Attack +15, Affinity +5%', 5),
('attack-boost', 'Attack +18, Affinity +5%', 6),
('attack-boost', 'Attack +21, Affinity +5%', 7),
('bbq-master', 'Makes it easier to cook well-done steaks', 1),
('blast-attack', 'Blast buildup +5%, Bonus: +10', 1),
('blast-attack', 'Blast buildup +10%, Bonus: +10', 2),
('blast-attack', 'Blast buildup +20%, Bonus: +10', 3),
('blast-attack', 'Blast buildup +30%, Bonus: +10', 4),
('blast-resistance', 'Delays Blastblight and reduces Blast Damage', 1),
('blast-resistance', 'Greatly delays Blastblight and greatly reduces Blast Damage', 2),
('blast-resistance', 'Prevents Blastblight', 3),
('bleeding-resistance', 'Reduces damage while Bleeding', 1);           
INSERT INTO "PUBLIC"."SKILL_EFFECT" VALUES
('bleeding-resistance', 'Greatly reduces damage while Bleeding', 2),
('bleeding-resistance', 'Prevents Bleeding', 3),
('blight-resistance', 'Reduces the duration of all elemental blights by 50%', 1),
('blight-resistance', 'Reduces the duration of all elemental blights by 75%', 2),
('blight-resistance', 'Nullifies all elemental blights', 3),
('blindsider', 'Increases the effective range of flash attacks', 1),
('botanist', 'One extra consumable herb item per gather.', 1),
('botanist', 'One extra consumable herb, fruit, nut, or seed item per gather.', 2),
('botanist', 'One extra consumable herb, fruit, nut, seed, or insect item per gather.', 3),
('botanist', 'One extra consumable herb, fruit, nut, seed, insect, or mushroom item per gather.', 4),
('capacity-boost', 'Loading capacity +1', 1),
('carving-pro', 'Prevents knockback while carving', 1),
('cliffhanger', 'Reduces Stamina depletion while climbing by 50%', 1),
('constitution', 'Reduces fixed stamina depletion by 10%', 1),
('constitution', 'Reduces fixed stamina depletion by 20%', 2),
('constitution', 'Reduces fixed stamina depletion by 30%', 3),
('constitution', 'Reduces fixed stamina depletion by 40%', 4),
('constitution', 'Reduces fixed stamina depletion by 50%', 5),
('critical-boost', 'Increases damage dealt by critical hits to 30%', 1),
('critical-boost', 'Increases damage dealt by critical hits to 35%', 2),
('critical-boost', 'Increases damage dealt by critical hits to 40%', 3),
('critical-draw', 'Draw attack affinity +30%', 1),
('critical-draw', 'Draw attack affinity +60%', 2),
('critical-draw', 'Draw attack affinity +100% ', 3),
('critical-eye', '+5% Affinity', 1),
('critical-eye', '+10% Affinity', 2),
('critical-eye', '+15% Affinity', 3),
('critical-eye', '+20% Affinity', 4),
('critical-eye', '+25% Affinity', 5),
('critical-eye', '+30% Affinity', 6),
('critical-eye', '+40% Affinity', 7),
('defense-boost', '+5 Defense', 1),
('defense-boost', '+10 Defense', 2),
('defense-boost', '+5% Defense, Bonus +10', 3),
('defense-boost', '+5% Defense, Bonus +20, and +3 to All Elemental Resistances', 4),
('defense-boost', '+8% Defense, Bonus +20, and +3 to All Elemental Resistances', 5),
('defense-boost', '+8% Defense, Bonus +35, and +5 to All Elemental Resistances', 6),
('defense-boost', '+10% Defense, Bonus +35, and +5 to All Elemental Resistances', 7),
('detector', 'Marks rare sites on the wildlife map', 1),
('true-critical-status', '???', 1),
('divine-blessing-secret', 'Raises the maximum level of the Divine Blessing skill ', 1),
('divine-blessing', 'While active, reduces damage taken by 15%', 1),
('divine-blessing', 'While active, reduces damage taken by 30%', 2),
('divine-blessing', 'While active, reduces damage taken by 50%', 3),
('divine-blessing', 'While active, reduces damage taken by 60%', 4),
('divine-blessing', 'While active, reduces damage taken by 60%. Activates more frequently', 5),
('dragon-attack', '+30 Dragon Attack', 1),
('dragon-attack', '+60 Dragon Attack', 2),
('dragon-attack', '+100 Dragon Attack', 3),
('dragon-attack', '+5% Dragon Attack and +100 Dragon Attack', 4),
('dragon-attack', '+10% Dragon Attack and +100 Dragon Attack', 5),
('ice-attack', '+30 Ice Attack', 1),
('ice-attack', '+60 Ice Attack', 2),
('ice-attack', '+100 Ice Attack', 3),
('ice-attack', '+5% Ice Attack and +100 Ice Attack', 4),
('ice-attack', '+10% Ice Attack and +100 Ice Attack', 5),
('water-attack', '+30 Water Attack', 1),
('water-attack', '+60 Water Attack', 2),
('water-attack', '+100 Water Attack', 3),
('water-attack', '+5% Water Attack and +100 Water Attack', 4),
('water-attack', '+10% Water Attack and +100 Water Attack', 5),
('thunder-attack', '+30 Thunder Attack', 1),
('thunder-attack', '+60 Thunder Attack', 2),
('thunder-attack', '+100 Thunder Attack', 3),
('thunder-attack', '+5% Thunder Attack and +100 Thunder Attack', 4),
('thunder-attack', '+10% Thunder Attack and +100 Thunder Attack', 5),
('fire-attack', '+30 Fire Attack', 1),
('fire-attack', '+60 Fire Attack', 2),
('fire-attack', '+100 Fire Attack', 3),
('fire-attack', '+5% Fire Attack and +100 Fire Attack', 4);           
INSERT INTO "PUBLIC"."SKILL_EFFECT" VALUES
('fire-attack', '+10% Fire Attack and +100 Fire Attack', 5),
('paralysis-attack', 'Paralysis buildup +5%, Bonus: +10', 1),
('paralysis-attack', 'Paralysis buildup +10%, Bonus: +10', 2),
('paralysis-attack', 'Paralysis buildup +20%, Bonus: +10', 3),
('paralysis-attack', 'Paralysis buildup +30%, Bonus: +10', 4),
('sleep-attack', 'Sleep buildup +5%, Bonus: +10', 1),
('sleep-attack', 'Sleep buildup +10%, Bonus: +10', 2),
('sleep-attack', 'Sleep buildup +20%, Bonus: +10', 3),
('sleep-attack', 'Sleep buildup +30%, Bonus: +10', 4),
('poison-attack', 'Poison buildup +5%, Bonus: +10', 1),
('poison-attack', 'Poison buildup +10%, Bonus: +10', 2),
('poison-attack', 'Poison buildup +20%, Bonus: +10', 3),
('poison-attack', 'Poison buildup +30%, Bonus: +10', 4),
('poison-resistance', 'Reduces the duration of Poison by 30%', 1),
('poison-resistance', 'Reduces the duration of Poison by 60%', 2),
('poison-resistance', 'Prevents Poison', 3),
('sleep-resistance', 'Reduces the duration of Sleep by 30%', 1),
('sleep-resistance', 'Reduces the duration of Sleep by 60%', 2),
('sleep-resistance', 'Prevents Sleep', 3),
('dragon-resistance', '+6 Dragon Resistance', 1),
('dragon-resistance', '+12 Dragon Resistance', 2),
('dragon-resistance', '+20 Dragon Resistance and +10 Defense', 3),
('water-resistance', '+6 Water Resistance', 1),
('water-resistance', '+12 Water Resistance', 2),
('water-resistance', '+20 Water Resistance and +10 Defense', 3),
('ice-resistance', '+6 Ice Resistance', 1),
('ice-resistance', '+12 Ice Resistance', 2),
('ice-resistance', '+20 Ice Resistance and +10 Defense', 3),
('thunder-resistance', '+6 Thunder Resistance', 1),
('thunder-resistance', '+12 Thunder Resistance', 2),
('thunder-resistance', '+20 Thunder Resistance and +10 Defense', 3),
('fire-resistance', '+6 Fire Resistance', 1),
('fire-resistance', '+12 Fire Resistance', 2),
('fire-resistance', '+20 Fire Resistance and +10 Defense', 3),
('dungmaster', 'Makes slinger Dung Pods more effective at making monsters run away', 1),
('earplugs', 'Slightly reduces the effects of weak monster roars', 1),
('earplugs', 'Reduces the effects of weak monster roars', 2),
('earplugs', 'Nullifies weak monster roars', 3),
('earplugs', 'Nullifies weak monster roars and reduces the effects of strong monster roars', 4),
('earplugs', 'Nullifies weak and strong monster roars', 5),
('effluvia-resistance', 'Reduces Effluvial Buildup', 1),
('effluvia-resistance', 'Greatly reduces Effluvial Buildup', 2),
('effluvia-resistance', 'Prevents Effluvial Buildup', 3),
('effluvial-expert', 'Nullifies damage from Effluvia and reduces damage from acids', 1),
('elderseal-boost', 'Boosts Elderseal one level', 1),
('evade-window', 'Very slightly increases invulnerability window', 1),
('evade-window', 'Slightly increases invulnerability window', 2),
('evade-window', 'Increases invulnerability window', 3),
('evade-window', 'Greatly increases invulnerability window', 4),
('evade-window', 'Massively increases invulnerability window', 5),
('evade-extender', 'Slightly extends evasion distance', 1),
('evade-extender', 'Extends evasion distance', 2),
('evade-extender', 'Greatly extends evasion distance', 3),
('entomologist', 'Increases the chances of a corpse being left behind', 1),
('entomologist', 'Greatly increases the chances of a corpse being left behind', 2),
('entomologist', 'Makes it so corpses will always be left behind*', 3),
('flinch-free', 'Prevents knockbacks', 1),
('flinch-free', 'Prevents standard knockback. Tripping is reduced to a knockback instead', 2),
('flinch-free', 'Prevents knockback and tripping', 3),
('focus', 'Increases gauge fill rate by 5% and reduces charge times by 5%.', 1),
('focus', 'Increases gauge fill rate by 10% and reduces charge times by 10%.', 2),
('focus', 'Increases gauge fill rate by 20% and reduces charge times by 15%.', 3),
('forager-s-luck', 'Increases the likelihood of rare gathering points respawning', 1),
('fortify', 'Increases attack by 10% and defense by 15% with each use', 1),
('free-elem-ammo-up', 'Draws out 33% of hidden element and expands magazine size for some ammo', 1);              
INSERT INTO "PUBLIC"."SKILL_EFFECT" VALUES
('free-elem-ammo-up', 'Draws out 66% of hidden element and expands magazine size for more ammo', 2),
('free-elem-ammo-up', 'Draws out 100% of hidden element and expands magazine size for most ammo', 3),
('geologist', 'Allows you to gather one extra time from bonepiles', 1),
('geologist', 'Allows you to gather one extra time from bonepiles and special item gathering points', 2),
('geologist', 'Allows you to gather one extra time from bonepiles, gathering points, and mining outcrops', 3),
('guard', 'Very slightly decreases the impact of attacks', 1),
('guard', 'Slightly decreases the impact of attacks and reduces stamina depletion by 15%', 2),
('guard', 'Greatly decreases the impact of attacks and reduces stamina depletion by 15%', 3),
('guard', 'Greatly decreases the impact of attacks and reduces stamina depletion by 30%', 4),
('guard', 'Massively decreases the impact of attacks and reduces stamina depletion by 50%', 5),
('handicraft', 'Weapon Sharpness +10', 1),
('handicraft', 'Weapon Sharpness +20', 2),
('handicraft', 'Weapon Sharpness +30', 3),
('handicraft', 'Weapon Sharpness +40', 4),
('handicraft', 'Weapon Sharpness +50', 5),
('health-boost', 'Health +15', 1),
('health-boost', 'Health +30', 2),
('health-boost', 'Health +50', 3),
('heat-guard', 'Nullifies Heat damage', 1),
('heavy-artillery', 'Firepower +50%', 1),
('heavy-artillery', 'Firepower +100%', 2),
('honey-hunter', 'One extra honey per gather', 1),
('horn-maestro', 'Extends melody effect duration and increases health recovery', 1),
('horn-maestro', 'Greatly increases the effect duration of hunting horn melodies', 2),
('hunger-resistance', '50% extra time before stamina cap reduction', 1),
('hunger-resistance', '100% extra time before stamina cap reduction', 2),
('hunger-resistance', 'No stamina cap loss', 3),
('intimidator', 'Discourages small monsters from engaging you even if you''ve been spotted', 1),
('intimidator', 'Highly discourages small monsters from engaging you even if you''ve been spotted', 2),
('intimidator', 'Prevents most small monsters from engaging you even if you''ve been spotted', 3),
('iron-skin', 'Reduces the duration of Defense Down by 50%', 1),
('iron-skin', 'Reduces the duration of Defense Down by 75%', 2),
('iron-skin', 'Prevents Defense Down', 3),
('item-prolonger', 'Item effect duration +10%', 1),
('item-prolonger', 'Item effect duration +25%', 2),
('item-prolonger', 'Item effect duration +50%', 3),
('jump-master', 'Negates knockback during jumps', 1),
('leap-of-faith', 'Enables Leap of Faith*', 1),
('marathon-runner', 'Reduces continuous stamina depletion by 15%', 1),
('marathon-runner', 'Reduces continuous stamina depletion by 30%', 2),
('marathon-runner', 'Reduces continuous stamina depletion by 50%', 3),
('master-fisher', 'Increases the time window for reeling in fish, and makes it easier to catch large fish', 1),
('coalescence', 'While active, grants Attack + 12, Element attack power +30, and Status buildup +5%', 1),
('coalescence', 'While active, grants Attack + 15, Element attack power +60, and Status buildup +10%', 2),
('coalescence', 'While active, grants Attack + 18, Element attack power +90, and Status buildup +15%', 3),
('coldproof', 'Activates skill effect*', 1),
('master-gatherer', 'Speeds up gathering and prevents knockbacks while gathering', 1),
('master-mounter', 'Makes it easier to mount and topple Monsters', 1),
('muck-resistance', 'Reduces limits on movement speed and evasion', 1),
('mushroomancer', 'Lets you digest Blue Mushrooms and Toadstools.', 1),
('mushroomancer', 'Additionally lets you digest Nitroshrooms and Parashrooms.', 2),
('mushroomancer', 'Additionally lets you digest Mandragoras, Devil''s Blight and Exciteshrooms.', 3),
('normal-shots', 'Increases the power of normal ammo and normal arrows', 1),
('normal-shots', 'Greatly increases the power of normal ammo and normal arrows', 2),
('palico-rally', 'Increases Palico attack power and defense by 5%', 1),
('palico-rally', 'Increases Palico attack power and defense by 10%', 2),
('palico-rally', 'Increases Palico attack power and defense by 15%', 3);          
INSERT INTO "PUBLIC"."SKILL_EFFECT" VALUES
('palico-rally', 'Increases Palico attack power and defense by 20%', 4),
('palico-rally', 'Increases Palico attack power and defense by 25%', 5),
('partbreaker', 'Part damage +10%', 1),
('partbreaker', 'Part damage +20%', 2),
('partbreaker', 'Part damage +30%', 3),
('peak-performance', 'While active, grants attack +5', 1),
('peak-performance', 'While active, grants attack +10', 2),
('peak-performance', 'While active, grants attack +20', 3),
('piercing-shots', 'Increases the power of piercing ammo and Dragon Piercer', 1),
('piercing-shots', 'Greatly increases the power of piercing ammo and Dragon Piercer', 2),
('spread-power-shots', 'Increases the power of spread ammo, power shot arrows, and Thousand Dragons', 1),
('spread-power-shots', 'Greatly increases the power of spread ammo, power shot arrows, and Thousand Dragons', 2),
('power-prolonger', 'Bonus duration +10%', 1),
('power-prolonger', 'Bonus duration +20%', 2),
('power-prolonger', 'Bonus duration +40%', 3),
('pro-transporter', 'Increases movement speed while transporting and reduces downtime on landings', 1),
('quick-sheath', 'Slightly increases sheathing speed', 1),
('quick-sheath', 'Moderately increases sheathing speed', 2),
('quick-sheath', 'Greatly increases sheathing speed', 3),
('recovery-speed', 'Doubles the rate you heal recoverable health', 1),
('recovery-speed', 'Triples the rate you heal recoverable health', 2),
('recovery-speed', 'Quadruples the rate you heal recoverable health', 3),
('recovery-up', 'Health Restoring effects are 10% more effective', 1),
('recovery-up', 'Health Restoring effects are 20% more effective', 2),
('recovery-up', 'Health Restoring effects are 30% more effective', 3),
('resentment', 'While active, grants attack +5', 1),
('resentment', 'While active, grants attack +10', 2),
('resentment', 'While active, grants attack +15', 3),
('resentment', 'While active, grants attack +20', 4),
('resentment', 'While active, grants attack +25', 5),
('resuscitate', 'While active, greatly improves evasion invulnerability time and reduces stamina depletion', 1),
('scenthound', 'Increases gauge fill rate by 50%', 1),
('scholar', 'Expands your scoutflies'' detection range*', 1),
('true-critical-element', '???', 1),
('slinger-capacity-secret', 'Raises the maximum level of the Slinger Capacity skill ', 1),
('slinger-capacity', 'Increases the loading capacity for slinger collected from the ground or plants', 1),
('slinger-capacity', 'In addition, increases the loading capacity for some slinger ammo dropped by monsters', 2),
('slinger-capacity', 'In addition, increases the loading capacity for all slinger ammo dropped by monsters', 3),
('slinger-capacity', 'Increases the loading capacity for the slinger ammo collected from the ground or plants even more', 4),
('slinger-capacity', 'Increases the loading capacity for all slinger ammo', 5),
('special-ammo-boost', 'Increases the power of bowgun special ammo and Dragon Piercer by 10%', 1),
('special-ammo-boost', 'Increases the power of bowgun special ammo and Dragon Piercer by 20%', 2),
('speed-crawler', 'Increases movement speed while crouching*', 1),
('speed-eating', 'Eat food, drink, and quick use (such as Nulberry) Items 16% faster.*', 1),
('speed-eating', 'Eat food and drink Items 46% faster, and quick use items 28% faster.', 2),
('speed-eating', 'Eat food and drink Items 64% faster, and quick use items 38% faster.', 3),
('speed-sharpening', 'Removes one cycle from the sharpening process', 1),
('speed-sharpening', 'Removes two cycles from the sharpening process', 2),
('speed-sharpening', 'Removes three cycles from the sharpening process', 3),
('survival-expert', 'Interactables restore an additional 50 health', 1),
('survival-expert', 'Interactables restore an additional 80 health', 2),
('survival-expert', 'Interactables restore an additional 100 health', 3),
('stamina-surge', 'Stamina recovery speed +10%', 1),
('stamina-surge', 'Stamina recovery speed +20%', 2),
('stamina-surge', 'Stamina recovery speed +30%', 3),
('stealth', 'Makes it slightly easier for Monsters to lose sight of you', 1);  
INSERT INTO "PUBLIC"."SKILL_EFFECT" VALUES
('stealth', 'Makes it moderately easier for Monsters to lose sight of you', 2),
('stealth', 'Makes it much easier for Monsters to lose sight of you', 3),
('stun-resistance', 'Reduces Stun duration by 60%', 1),
('stun-resistance', 'Reduces Stun duration by 90%', 2),
('stun-resistance', 'Prevents Stun', 3),
('tool-specialist-secret', 'Raises the maximum level of the Tool Specialist skill ', 1),
('tool-specialist', 'Shortens time until reuse by 10%', 1),
('tool-specialist', 'Shortens time until reuse by 20%', 2),
('tool-specialist', 'Shortens time until reuse by 30%', 3),
('tool-specialist', 'Shortens time until reuse by 40%', 4),
('tool-specialist', 'Shortens time until reuse by 50%', 5),
('tremor-resistance', 'Nullifies minor ground tremors', 1),
('tremor-resistance', 'Nullifies minor ground tremors and reduces the effects of major ground tremors', 2),
('tremor-resistance', 'Nullifies minor and major ground tremors', 3),
('weakness-exploit', 'Attacks that hit weak spots have 10% increased Affinity, with an extra 5% on wounded parts', 1),
('weakness-exploit', 'Attacks that hit weak spots have 15% increased Affinity, with an extra 15% on wounded parts', 2),
('weakness-exploit', 'Attacks that hit weak spots have 30% increased Affinity, with an extra 20% on wounded parts', 3),
('wide-range', 'Items affect nearby allies with 33% of their efficacy', 1),
('wide-range', 'Items affect nearby allies in a wider radius with 33% of their efficacy', 2),
('wide-range', 'Items affect nearby allies in a wider radius with 66% of their efficacy', 3),
('wide-range', 'Items affect nearby allies in a much wider radius with 66% of their efficacy', 4),
('wide-range', 'Items affect nearby allies in a much wider radius with full efficac', 5),
('windproof', 'Slightly reduces the effects of minor wind pressure', 1),
('windproof', 'Reduces the effects of minor wind pressure', 2),
('windproof', 'Negates minor wind pressure', 3),
('windproof', 'Negates minor wind pressure and reduces the effects of major wind pressure', 4),
('windproof', 'Negates minor and major wind pressure', 5),
('offensive-guard', 'While active increases attack power by 5%', 1),
('offensive-guard', 'While active increases attack power by 10%', 2),
('offensive-guard', 'While active increases attack power by 15%', 3),
('paralysis-resistance', 'Reduces the duration of Paralysis by 30%', 1),
('paralysis-resistance', 'Reduces the duration of Paralysis by 60%', 2),
('paralysis-resistance', 'Prevents Paralysis', 3),
('sleep-functionality', 'Lets you use sleep coating.', 1),
('blast-functionality', 'Lets you use blast coating.', 1),
('paralysis-functionality', 'Lets you use paralysis coating.', 1),
('poison-functionality', 'Lets you use poison coating.', 1);  
CREATE CACHED TABLE "PUBLIC"."UNCAPPING_SKILLS"(
    "UNCAPPING_SKILL_ID" VARCHAR,
    "ID" VARCHAR NOT NULL
);
ALTER TABLE "PUBLIC"."UNCAPPING_SKILLS" ADD CONSTRAINT "PUBLIC"."CONSTRAINT_BA" PRIMARY KEY("ID");             
-- 11 +/- SELECT COUNT(*) FROM PUBLIC.UNCAPPING_SKILLS;        
INSERT INTO "PUBLIC"."UNCAPPING_SKILLS" VALUES
('slugger-secret', 'slugger'),
('bombardier-secret', 'bombardier'),
('maximum-might-secret', 'maximum-might'),
('agitator-secret', 'agitator'),
('free-meal-secret', 'free-meal'),
('stamina-thief-secret', 'stamina-thief'),
('artillery-secret', 'artillery'),
('latent-power-secret', 'latent-power'),
('divine-blessing-secret', 'divine-blessing'),
('slinger-capacity-secret', 'slinger-capacity'),
('tool-specialist-secret', 'tool-specialist');        
ALTER TABLE "PUBLIC"."ARMOR_PIECE" ADD CONSTRAINT "PUBLIC"."UKP46L799PTS3CCBB1IR7HPH5EC" UNIQUE("SET_NAME", "ARMOR_TYPE", "SET_TYPE");         
ALTER TABLE "PUBLIC"."SET_BONUS_ARMOR_PIECES" ADD CONSTRAINT "PUBLIC"."UK_RHY5M0B27L7Y049FJB2O3EH6D" UNIQUE("ARMOR_PIECES_ID");
ALTER TABLE "PUBLIC"."SET_BONUS_SKILL" ADD CONSTRAINT "PUBLIC"."FK2FTO2XB77PFK9R8R4FK7U1VOK" FOREIGN KEY("SET_BONUS_ID") REFERENCES "PUBLIC"."SET_BONUS"("ID") NOCHECK;        
ALTER TABLE "PUBLIC"."SET_BONUS_ARMOR_PIECES" ADD CONSTRAINT "PUBLIC"."FK1Q8V5575G3DFY9T7NMJLTTHY9" FOREIGN KEY("SET_BONUS_ID") REFERENCES "PUBLIC"."SET_BONUS"("ID") NOCHECK; 
ALTER TABLE "PUBLIC"."UNCAPPING_SKILLS" ADD CONSTRAINT "PUBLIC"."FK8RIJANN4L5JEQ9E8TI45IGFCA" FOREIGN KEY("ID") REFERENCES "PUBLIC"."SKILL"("ID") NOCHECK;     
ALTER TABLE "PUBLIC"."ARMOR_PIECE_SKILL" ADD CONSTRAINT "PUBLIC"."FK6PSHM72I5TU6HNV1EALLA5NO8" FOREIGN KEY("SKILL_ID") REFERENCES "PUBLIC"."SKILL"("ID") NOCHECK;              
ALTER TABLE "PUBLIC"."UNCAPPING_SKILLS" ADD CONSTRAINT "PUBLIC"."FKMFU6U2F4VHSVDQ5WC2MON1BTJ" FOREIGN KEY("UNCAPPING_SKILL_ID") REFERENCES "PUBLIC"."SKILL"("ID") NOCHECK;     
ALTER TABLE "PUBLIC"."SET_BONUS_ARMOR_PIECES" ADD CONSTRAINT "PUBLIC"."FKQUX6HPXEYU1MOE23QQSO0S7XO" FOREIGN KEY("ARMOR_PIECES_ID") REFERENCES "PUBLIC"."ARMOR_PIECE"("ID") NOCHECK;            
ALTER TABLE "PUBLIC"."JEWEL_SKILL" ADD CONSTRAINT "PUBLIC"."FKCKB72LLTSYJ3F2G1ATB0P7S6J" FOREIGN KEY("JEWEL_ID") REFERENCES "PUBLIC"."JEWEL"("ID") NOCHECK;    
ALTER TABLE "PUBLIC"."ARMOR_PIECE" ADD CONSTRAINT "PUBLIC"."FKOPTF8HXHXKFPCONFN7GN0E47R" FOREIGN KEY("SET_BONUS_ID") REFERENCES "PUBLIC"."SET_BONUS"("ID") NOCHECK;            
ALTER TABLE "PUBLIC"."ARMOR_PIECE_SKILL" ADD CONSTRAINT "PUBLIC"."FKDP9T1LUXV0JL99RDIPS6C7MSR" FOREIGN KEY("ARMOR_PIECE_ID") REFERENCES "PUBLIC"."ARMOR_PIECE"("ID") NOCHECK;  
ALTER TABLE "PUBLIC"."JEWEL_SKILL" ADD CONSTRAINT "PUBLIC"."FK26HR6PGD8PDB3QU11T4TD45O7" FOREIGN KEY("SKILL_ID") REFERENCES "PUBLIC"."SKILL"("ID") NOCHECK;    
ALTER TABLE "PUBLIC"."SET_BONUS_SKILL" ADD CONSTRAINT "PUBLIC"."FK7XVJ68FEQJIH2MQXTSYRMRSRY" FOREIGN KEY("SKILL_ID") REFERENCES "PUBLIC"."SKILL"("ID") NOCHECK;
ALTER TABLE "PUBLIC"."SKILL_EFFECT" ADD CONSTRAINT "PUBLIC"."FKTM3EHQ62I79CYBV3I74V3KEU9" FOREIGN KEY("SKILL_ID") REFERENCES "PUBLIC"."SKILL"("ID") NOCHECK;   
